Gene_id,logFC,padj
Novel00005,-2.727,0.044753
Novel00010,3.3508,2.74E-05
Novel00016,#NAME?,0.0082138
Novel00028,6.1348,0.0033598
Novel00037,-2.1418,0.0058274
Novel00039,3.3001,1.26E-08
Novel00044,2.9311,0.00028144
Novel00048,3.9955,0.00058738
Novel00050,-2.4832,0.024589
Novel00051,-2.7793,1.64E-05
Novel00052,-3.1421,0.00055296
Novel00053,-2.4723,0.0049448
Novel00056,2.2361,0.00086651
Novel00061,-2.3737,0.0049601
Novel00067,3.5434,0.047356
Novel00106,-4.0172,0.00074146
Novel00109,3.2076,0.003511
Novel00114,2.3422,0.03889
Novel00120,-3.0641,0.0006339
Novel00138,-2.5345,0.032294
Novel00146,4.6385,1.83E-08
Novel00147,6.4919,0.018709
Novel00157,6.8322,1.19E-23
Novel00177,-2.8515,0.039955
Novel00184,2.3378,0.0071538
Novel00188,-3.8458,0.002692
Novel00191,-2.9117,3.66E-08
Novel00194,-2.3105,0.027274
Parent=CDS_B0281.2,2.5218,0.012782
Parent=CDS_B0284.3_wp57,3.5645,1.74E-07
Parent=CDS_B0348.3_wp18,-1.6589,0.035099
Parent=CDS_B0507.15_wp261,Inf,0.013275
Parent=CDS_C01A2.6_wp188,4.9872,0.00069719
Parent=CDS_C05E4.12_wp221,8.1874,8.87E-36
Parent=CDS_C08E3.11_wp252,Inf,5.67E-06
Parent=CDS_C33C12.4_wp82,-3.0136,0.022033
Parent=CDS_C40A11.9_wp179,#NAME?,0.012781
Parent=CDS_C52E2.8,Inf,0.017116
Parent=CDS_C53A5.11_wp261,Inf,2.21E-18
Parent=CDS_D2062.11_wp21,8.5365,2.75E-46
Parent=CDS_F15D3.8_wp104,Inf,0.025331
Parent=CDS_F22G12.1_wp153,Inf,2.87E-05
Parent=CDS_F26F4.3_wp88,Inf,0.0016904
Parent=CDS_F35F10.3_wp21,-5.4742,1.10E-06
Parent=CDS_F36G9.7_wp193,#NAME?,0.040086
Parent=CDS_H12D21.8,1.6564,0.012853
Parent=CDS_H14A12.1,-2.4896,0.0053459
Parent=CDS_K08D10.10_wp227,#NAME?,0.015768
Parent=CDS_M04C3.1_wp87,2.2598,0.0011754
Parent=CDS_M151.5_wp185,-2.6923,0.016042
Parent=CDS_R03H10.6_wp94,3.2996,2.79E-10
Parent=CDS_R05G6.2,Inf,0.0031709
Parent=CDS_R06A4.3,1.6918,0.0065268
Parent=CDS_T09E11.11_wp187,-5.0965,2.49E-06
Parent=CDS_T12B5.8_wp91,-3.1671,2.87E-07
Parent=CDS_Y51H7C.14_wp64,1.8138,0.00092527
Parent=CDS_Y54F10BM.6_wp229,-1.8861,0.0056243
Parent=CDS_ZC239.6_wp90,1.9867,0.032325
Parent=Pseudogene_AH6.16,5.5288,2.54E-06
Parent=Pseudogene_B0250.12,-1.4247,0.041836
Parent=Pseudogene_B0281.7,Inf,2.79E-44
Parent=Pseudogene_B0284.5,2.4294,0.0049204
Parent=Pseudogene_B0507.15,Inf,0.047145
Parent=Pseudogene_C06C3.11,3.9241,0.00049894
Parent=Pseudogene_C08A9.11,-1.574,0.023495
Parent=Pseudogene_C08H9.9,2.24,0.033231
Parent=Pseudogene_C17H1.1,6.9583,5.08E-14
Parent=Pseudogene_C17H1.12,Inf,4.92E-09
Parent=Pseudogene_C30E1.6,5.8448,1.55E-05
Parent=Pseudogene_C36A4.12,1.3027,0.033795
Parent=Pseudogene_C39H7.2,2.2622,0.0043957
Parent=Pseudogene_C43D7.1,6.1965,1.35E-05
Parent=Pseudogene_C43D7.3,Inf,1.56E-10
Parent=Pseudogene_C44H9.9,2.6467,2.80E-05
Parent=Pseudogene_F07E5.10,Inf,1.32E-17
Parent=Pseudogene_F11A6.3,1.7787,0.015708
Parent=Pseudogene_F15H10.6,4.1081,0.007843
Parent=Pseudogene_F18A11.7,2.3417,0.0022985
Parent=Pseudogene_F21H7.16,-3.1444,0.042502
Parent=Pseudogene_F39E9.28,-1.9253,0.00040935
Parent=Pseudogene_F43D2.7,-2.414,2.35E-05
Parent=Pseudogene_F44E2.11,3.7278,5.35E-12
Parent=Pseudogene_F47C10.2,-2.7113,0.0024253
Parent=Pseudogene_F54B8.17,-4.5532,0.00026389
Parent=Pseudogene_K08F11.6,1.3166,0.036165
Parent=Pseudogene_K10G4.13,5.3554,6.11E-10
Parent=Pseudogene_M01G12.8,Inf,0.0088984
Parent=Pseudogene_R03D7.3,2.2706,0.0012614
Parent=Pseudogene_R06C1.5_wp217,Inf,0.026368
Parent=Pseudogene_R10E8.7,-2.2646,7.75E-05
Parent=Pseudogene_T07D10.10,-2.1911,0.0042034
Parent=Pseudogene_T20B3.11,#NAME?,0.0014418
Parent=Pseudogene_Y105C5B.30,Inf,7.52E-40
Parent=Pseudogene_Y17D7C.4,-2.5048,0.0012709
Parent=Pseudogene_Y32B12C.5,-5.662,1.65E-24
Parent=Pseudogene_Y50D4B.10,2.5976,0.0019105
Parent=Pseudogene_Y70G10A.1,2.3965,0.0035818
Parent=Pseudogene_Y74C9A.9,1.857,0.011717
Parent=Pseudogene_Y75B8A.41,3.3492,0.011978
Parent=Pseudogene_Y7A9C.1,-3.0311,0.045542
Parent=Pseudogene_ZK938.8,Inf,1.50E-25
Parent=Transcript_AH6.6.1,Inf,2.23E-06
Parent=Transcript_AH9.4.1,-2.3483,0.048705
Parent=Transcript_B0001.11,2.2429,0.021106
Parent=Transcript_B0024.4.1,4.1071,2.65E-16
Parent=Transcript_B0034.7.1,-2.2966,0.022984
Parent=Transcript_B0213.16.1,-5.3147,2.12E-16
Parent=Transcript_B0213.3.1,-2.0253,7.58E-05
Parent=Transcript_B0213.4.1,-1.9321,0.0028574
Parent=Transcript_B0213.6.1,-2.8893,0.0048474
Parent=Transcript_B0218.2.1,1.4805,0.013769
Parent=Transcript_B0218.8.1,-2.9698,3.38E-07
Parent=Transcript_B0222.3.1,-2.1656,0.0074793
Parent=Transcript_B0222.8.1,-2.0219,0.00011865
Parent=Transcript_B0228.4d.1,-2.2025,0.019769
Parent=Transcript_B0228.6.1,-2.2952,9.10E-05
Parent=Transcript_B0238.1.1,-2.1303,3.71E-05
Parent=Transcript_B0244.2.1,-1.8241,0.0056436
Parent=Transcript_B0272.1.1,-2.4509,3.96E-05
Parent=Transcript_B0280.2.1,5.3228,0.00019136
Parent=Transcript_B0280.7.1,-2.8117,0.00056747
Parent=Transcript_B0281.1.1,8.3724,5.68E-33
Parent=Transcript_B0281.8.1,Inf,5.55E-46
Parent=Transcript_B0284.2.1,4.5587,9.07E-19
Parent=Transcript_B0284.3.1,4.9629,0.043279
Parent=Transcript_B0284.4.1,9.6717,9.52E-50
Parent=Transcript_B0310.5a.1,-2.3472,3.29E-06
Parent=Transcript_B0310.6.1,-2.5364,0.00025741
Parent=Transcript_B0334.13.1,-3.2162,0.0002942
Parent=Transcript_B0361.9.1,-2.566,7.91E-06
Parent=Transcript_B0395.2.1,-1.9474,0.00049071
Parent=Transcript_B0403.3.1,2.388,1.16E-05
Parent=Transcript_B0410.3.1,-3.1261,5.23E-10
Parent=Transcript_B0416.11.1,-2.1184,0.0040594
Parent=Transcript_B0457.6.1,1.4607,0.010862
Parent=Transcript_B0464.3.1,-1.6679,0.00091664
Parent=Transcript_B0478.3.1,-2.5144,0.00091248
Parent=Transcript_B0496.7.1,3.5616,4.79E-13
Parent=Transcript_B0507.10.1,8.1571,5.55E-46
Parent=Transcript_B0507.5a.1,Inf,0.0014864
Parent=Transcript_B0507.5b.1,5.5731,0.0013177
Parent=Transcript_B0507.7.1,Inf,0.0020313
Parent=Transcript_B0507.8.1,Inf,2.21E-20
Parent=Transcript_B0507.9.1,5.9214,4.38E-23
Parent=Transcript_B0523.5.1,1.2044,0.046903
Parent=Transcript_B0563.2.2,-2.2473,0.032934
Parent=Transcript_C01C10.1.1,-1.4562,0.018684
Parent=Transcript_C01C10.4.1,-1.8979,0.0012236
Parent=Transcript_C01F6.5.1,1.403,0.013493
Parent=Transcript_C01H6.3.1,2.7645,6.54E-05
Parent=Transcript_C02A12.4.1,-3.4355,2.57E-11
Parent=Transcript_C02B8.3.1,-1.4857,0.030699
Parent=Transcript_C02B8.5.1,4.278,0.0025511
Parent=Transcript_C02D5.1.1,-1.9348,0.0035832
Parent=Transcript_C02E7.6.1,-3.3887,4.50E-11
Parent=Transcript_C02E7.7.1,-2.8462,0.0027933
Parent=Transcript_C02F12.4.1,-1.4607,0.0058428
Parent=Transcript_C02F5.11.1,3.8933,1.60E-10
Parent=Transcript_C02F5.8.1,5.3044,6.15E-15
Parent=Transcript_C02G6.3.1,-2.8877,0.0049626
Parent=Transcript_C03A7.2.1,-4.4197,9.54E-12
Parent=Transcript_C03B1.14.1,2.5681,2.13E-07
Parent=Transcript_C03E10.6.1,-3.3915,1.39E-08
Parent=Transcript_C03G5.10.1,-2.1858,7.05E-05
Parent=Transcript_C03G5.11.1,-2.5594,8.23E-08
Parent=Transcript_C03G5.12.1,-3.4641,3.67E-11
Parent=Transcript_C03G5.2.1,-2.4932,0.00015251
Parent=Transcript_C03G5.8.1,-2.4982,7.00E-05
Parent=Transcript_C03G6.5.1,-3.6305,0.0079374
Parent=Transcript_C04B4.2.1,1.2223,0.035621
Parent=Transcript_C04C11.25.1,3.4448,8.73E-09
Parent=Transcript_C04E12.2.1,-2.329,7.90E-06
Parent=Transcript_C04E12.4.1,-2.6892,1.32E-05
Parent=Transcript_C04E6.13.1,-1.6883,0.0033096
Parent=Transcript_C04E6.7.1,-2.0489,0.0030656
Parent=Transcript_C04F12.1.1,2.7478,9.05E-09
Parent=Transcript_C04F6.1.1,-4.2497,1.02E-17
Parent=Transcript_C04F6.3.1,-2.9929,0.00040258
Parent=Transcript_C04G2.14,2.5548,0.03657
Parent=Transcript_C04G6.5.1,3.6249,6.87E-12
Parent=Transcript_C05C12.4.1,-1.6306,0.0030101
Parent=Transcript_C05D12.4.1,-3.5532,0.0004682
Parent=Transcript_C05E11.4.1,-1.8801,0.046496
Parent=Transcript_C05E4.12.1,Inf,2.85E-12
Parent=Transcript_C05E4.15a.1,7.5338,3.67E-14
Parent=Transcript_C05E4.3.1,-1.3929,0.0167
Parent=Transcript_C05G5.1.1,-2.2016,0.00048444
Parent=Transcript_C06A1.1.1,1.2358,0.035198
Parent=Transcript_C06A8.3.1,-1.3493,0.016871
Parent=Transcript_C06C3.7.1,3.9695,3.83E-10
Parent=Transcript_C06E1.1.1,1.4129,0.018806
Parent=Transcript_C06E1.3.1,2.098,0.0013177
Parent=Transcript_C06E1.7.1,1.5729,0.025748
Parent=Transcript_C06E1.8.1,-1.9471,0.022058
Parent=Transcript_C06E7.3b,2.8687,1.22E-06
Parent=Transcript_C06G1.2.1,-5.0967,6.13E-05
Parent=Transcript_C06G8.1.1,-1.8489,0.00087575
Parent=Transcript_C06H5.14.1,#NAME?,0.00047891
Parent=Transcript_C07A9.5.1,-4.3363,0.0033598
Parent=Transcript_C07B5.3.1,-1.8771,0.0031751
Parent=Transcript_C07B5.5.1,-3.537,4.04E-13
Parent=Transcript_C07E3.10.1,-2.6315,0.023744
Parent=Transcript_C07G1.15.1,-3.9362,4.08E-07
Parent=Transcript_C07G2.1a.1,1.2307,0.04579
Parent=Transcript_C08A9.10.1,-1.4795,0.006506
Parent=Transcript_C08E3.6.1,4.1486,5.77E-17
Parent=Transcript_C08E3.8.1,8.3481,6.02E-36
Parent=Transcript_C08F1.6.1,-2.0285,0.0069758
Parent=Transcript_C08F11.38,#NAME?,0.0028346
Parent=Transcript_C08F11.95,#NAME?,0.010909
Parent=Transcript_C08H9.10.1,2.8927,0.0042849
Parent=Transcript_C08H9.15.1,-1.6175,0.0034062
Parent=Transcript_C08H9.7.1,2.5852,0.0011296
Parent=Transcript_C09B9.1.1,-1.622,0.0351
Parent=Transcript_C09C7.1.1,-1.9063,0.001229
Parent=Transcript_C09D4.2.1,-1.3081,0.018238
Parent=Transcript_C09E8.2a.1,-3.5222,0.007843
Parent=Transcript_C09E8.3.1,-2.0661,0.00057872
Parent=Transcript_C09G9.8b.1,2.7275,0.022974
Parent=Transcript_C10C5.4.1,-3.9808,2.95E-15
Parent=Transcript_C10G8.4.1,-1.3385,0.011893
Parent=Transcript_C10G8.6.1,-1.9415,0.0038018
Parent=Transcript_C11D2.3.1,-6.9436,2.43E-22
Parent=Transcript_C11E4.2.1,-2.6217,5.27E-06
Parent=Transcript_C12C8.1.1,3.7149,7.95E-14
Parent=Transcript_C12D5.9.1,-3.7308,6.19E-10
Parent=Transcript_C12D8.17.1,-2.2249,4.58E-05
Parent=Transcript_C13A10.2.1,1.4685,0.022563
Parent=Transcript_C13C4.6.1,-3.6108,5.57E-11
Parent=Transcript_C14A4.6.1,-2.4764,1.39E-06
Parent=Transcript_C14A4.9.1,-4.6161,2.92E-15
Parent=Transcript_C14A6.1.1,-3.6069,1.16E-12
Parent=Transcript_C14C11.4.1,-4.5465,5.32E-13
Parent=Transcript_C14F5.1a.1,-1.4496,0.013069
Parent=Transcript_C14F5.2.1,-3.0186,1.61E-09
Parent=Transcript_C15A11.4.1,1.8307,0.00074409
Parent=Transcript_C15B12.1.1,-6.1895,1.88E-24
Parent=Transcript_C15C6.1.1,-2.5449,5.57E-07
Parent=Transcript_C15C8.1.1,-2.0378,0.00053879
Parent=Transcript_C15H9.1.1,-2.9461,1.60E-09
Parent=Transcript_C15H9.4.1,1.4487,0.042453
Parent=Transcript_C15H9.7.1,-1.6716,0.001372
Parent=Transcript_C16B8.8,Inf,0.013113
Parent=Transcript_C16C4.10.1,8.8147,1.22E-27
Parent=Transcript_C16C4.11.1,Inf,1.22E-15
Parent=Transcript_C16C4.12.1,Inf,0.0056239
Parent=Transcript_C16C4.15.1,4.1756,1.19E-13
Parent=Transcript_C16C8.9.1,-3.9666,8.46E-05
Parent=Transcript_C16D9.9.1,-2.487,8.43E-05
Parent=Transcript_C16H3.2.1,-2.6782,0.0031263
Parent=Transcript_C17B7.4.1,-2.9633,6.67E-09
Parent=Transcript_C17C3.3.1,-3.7211,0.022974
Parent=Transcript_C17E7.13.1,-2.6338,0.022554
Parent=Transcript_C17E7.4.1,1.2258,0.034275
Parent=Transcript_C17G1.14.1,2.3248,0.0034802
Parent=Transcript_C17G1.2.1,-1.5756,0.0025851
Parent=Transcript_C17G10.7.1,-2.3547,1.64E-05
Parent=Transcript_C17H1.13b.1,Inf,0.00024113
Parent=Transcript_C17H1.2.1,Inf,1.01E-14
Parent=Transcript_C17H1.3.1,6.9349,7.46E-30
Parent=Transcript_C17H1.4a.1,Inf,1.36E-14
Parent=Transcript_C17H1.5.1,7.4703,1.12E-39
Parent=Transcript_C17H1.6.1,8.7478,3.32E-40
Parent=Transcript_C17H1.7.1,8.1191,3.21E-43
Parent=Transcript_C17H1.9.1,5.9807,8.75E-22
Parent=Transcript_C17H12.21,-3.0989,0.038296
Parent=Transcript_C18A11.1.1,-1.3302,0.013848
Parent=Transcript_C18C4.2.1,-1.7797,0.0046322
Parent=Transcript_C18C4.9.1,-1.9823,0.0059739
Parent=Transcript_C18D1.3.1,-1.5868,0.0057749
Parent=Transcript_C18E3.3.1,1.681,0.0016729
Parent=Transcript_C18F10.2.1,-2.2788,0.041419
Parent=Transcript_C18F10.7a.1,1.2252,0.0351
Parent=Transcript_C18H9.1.1,Inf,1.67E-05
Parent=Transcript_C18H9.3d.1,1.444,0.043994
Parent=Transcript_C18H9.5.1,-1.2327,0.047104
Parent=Transcript_C23G10.14a,2.292,0.019964
Parent=Transcript_C23H5.15.1,-1.4103,0.025826
Parent=Transcript_C23H5.3.1,-2.1897,0.0085719
Parent=Transcript_C24B5.4.1,-2.274,0.033921
Parent=Transcript_C24B9.9.1,-5.7603,4.03E-15
Parent=Transcript_C24G6.7.1,-2.0104,0.006894
Parent=Transcript_C25A11.1.1,3.3822,0.0082027
Parent=Transcript_C25A11.10.1,2.3781,5.98E-05
Parent=Transcript_C25A11.2.1,1.8866,0.00018073
Parent=Transcript_C25A11.4b.1,-1.3344,0.026992
Parent=Transcript_C25B8.7.1,-3.2772,0.00026046
Parent=Transcript_C25E10.16.1,-2.9481,0.013064
Parent=Transcript_C25F9.12.1,2.7864,0.0059323
Parent=Transcript_C25G6.2.1,-2.3283,0.0043685
Parent=Transcript_C25H3.15.1,3.7786,1.87E-13
Parent=Transcript_C25H3.5.1,-2.132,0.00083467
Parent=Transcript_C26B9.3.1,-2.3874,4.85E-06
Parent=Transcript_C26B9.5.1,-3.4896,1.20E-12
Parent=Transcript_C26C6.9.1,-2.5515,3.00E-07
Parent=Transcript_C26F1.10.1,-1.3161,0.028682
Parent=Transcript_C27A2.8.1,-2.7978,0.00055581
Parent=Transcript_C27C12.2.1,1.4709,0.013043
Parent=Transcript_C27C12.3.1,1.3603,0.018428
Parent=Transcript_C28C12.3.1,-2.8966,0.0023408
Parent=Transcript_C28C12.5.1,-5.6752,2.19E-10
Parent=Transcript_C28G1.6.1,-1.3948,0.01696
Parent=Transcript_C29F3.5.1,-5.1089,1.16E-08
Parent=Transcript_C29F5.1.1,-1.5164,0.0047072
Parent=Transcript_C29F7.1.1,-1.7773,0.0037718
Parent=Transcript_C29F7.3.1,-1.3908,0.013346
Parent=Transcript_C29F9.1.1,2.169,1.93E-05
Parent=Transcript_C29F9.2.1,2.1729,0.0011757
Parent=Transcript_C29G2.6.1,-1.4381,0.010277
Parent=Transcript_C29H12.6.1,-1.6802,0.0037631
Parent=Transcript_C30E1.5.1,-3.6422,0.002218
Parent=Transcript_C30E1.8.1,-5.239,0.0091552
Parent=Transcript_C30F2.5.1,-1.547,0.0080522
Parent=Transcript_C30G12.11,-2.9712,0.00054722
Parent=Transcript_C30G12.2.1,-3.0814,0.027662
Parent=Transcript_C30G4.4s.5,-2.3557,0.0071296
Parent=Transcript_C30G7.1.1,-2.8168,3.88E-09
Parent=Transcript_C31A11.4.1,#NAME?,7.13E-06
Parent=Transcript_C31A11.5.1,-4.4174,0.032801
Parent=Transcript_C31B8.4.1,3.9787,7.94E-16
Parent=Transcript_C31B8.7.1,1.444,0.037878
Parent=Transcript_C31H2.4.1,-1.713,0.029597
Parent=Transcript_C31H5.4.1,-2.5067,2.40E-07
Parent=Transcript_C31H5.5.1,-1.4794,0.019964
Parent=Transcript_C31H5.7.1,2.2724,0.00026936
Parent=Transcript_C32B5.13.1,4.9416,0.011779
Parent=Transcript_C32D5.12.1,-1.8635,0.0019988
Parent=Transcript_C32E12.3.1,-2.4525,0.010004
Parent=Transcript_C32F10.4.1,-1.847,0.00035819
Parent=Transcript_C32H11.3.1,-3.4076,2.04E-07
Parent=Transcript_C32H11.4.1,-2.9592,0.010062
Parent=Transcript_C33A12.2.1,-2.0183,0.00025031
Parent=Transcript_C33F10.13.1,-2.2135,0.0016048
Parent=Transcript_C33G3.4.1,-3.0217,2.67E-09
Parent=Transcript_C33G8.10.1,-2.4965,4.80E-05
Parent=Transcript_C33G8.12.1,-2.1551,0.00086297
Parent=Transcript_C33G8.2.1,-2.854,1.76E-06
Parent=Transcript_C33G8.3.1,#NAME?,9.73E-07
Parent=Transcript_C33G8.4.1,-1.9632,0.00023929
Parent=Transcript_C33G8.6.1,-1.3418,0.028101
Parent=Transcript_C33G8.8.1,-2.5237,1.32E-05
Parent=Transcript_C33G8.9.1,-2.3198,3.19E-05
Parent=Transcript_C34B7.3.1,2.7987,3.74E-08
Parent=Transcript_C34C12.6.1,-1.7845,0.0043848
Parent=Transcript_C34D1.3.1,-2.028,0.00062968
Parent=Transcript_C34D4.11a.1,-2.4927,0.011626
Parent=Transcript_C34E11.1.1,-1.653,0.0017017
Parent=Transcript_C34F6.11.1,-2.3556,7.20E-06
Parent=Transcript_C34F6.3.1,-1.7,0.00087575
Parent=Transcript_C34H4.3a.1,-2.985,3.46E-07
Parent=Transcript_C35B1.7.1,-2.3664,0.0010968
Parent=Transcript_C35D10.14.1,3.2519,2.86E-11
Parent=Transcript_C35E7.12.1,2.4474,0.028916
Parent=Transcript_C36C5.5.1,-1.7048,0.03015
Parent=Transcript_C36C9.1.1,1.2419,0.046006
Parent=Transcript_C36E6.3.1,-2.0313,5.77E-05
Parent=Transcript_C36E6.5.1,-1.2544,0.031172
Parent=Transcript_C36H8.3.1,-1.8624,0.0046322
Parent=Transcript_C37A5.2.1,-1.9652,0.0014925
Parent=Transcript_C37A5.8.1,-2.7748,0.031984
Parent=Transcript_C37C3.11.1,-2.5976,0.0050671
Parent=Transcript_C37C3.8b.2,-3.747,0.025341
Parent=Transcript_C37E2.4.1,-3.2557,0.00016666
Parent=Transcript_C37H5.13a.1,1.4217,0.011477
Parent=Transcript_C37H5.2.1,1.6601,0.0016893
Parent=Transcript_C38C6.3.1,-4.3732,2.13E-10
Parent=Transcript_C38D9.7.1,4.2842,0.00017207
Parent=Transcript_C39B5.11.1,9.4478,7.75E-12
Parent=Transcript_C39B5.7.1,3.7991,1.75E-07
Parent=Transcript_C39B5.9.1,7.985,3.52E-36
Parent=Transcript_C39E6.2.1,-3.0179,0.0042367
Parent=Transcript_C39E9.3.1,-3.0917,2.65E-05
Parent=Transcript_C40A11.6.1,-3.3158,0.029544
Parent=Transcript_C40C9.3.1,-1.7369,0.015932
Parent=Transcript_C40D2.3.1,2.2913,0.00075956
Parent=Transcript_C40H1.2.1,-4.5463,7.02E-12
Parent=Transcript_C43C3.3.1,-2.1312,0.00019902
Parent=Transcript_C43D7.2.1,3.8469,2.30E-06
Parent=Transcript_C43D7.4.1,Inf,3.10E-55
Parent=Transcript_C43D7.5.1,10.327,4.23E-38
Parent=Transcript_C43D7.7.1,Inf,2.64E-23
Parent=Transcript_C43F9.7.1,-2.4641,0.0091084
Parent=Transcript_C44B11.3.1,-1.8139,0.0015267
Parent=Transcript_C44B11.4.1,-1.2648,0.044165
Parent=Transcript_C44B11.6.1,-1.6015,0.0087287
Parent=Transcript_C44B12.9.1,4.0159,0.0044672
Parent=Transcript_C44B7.8.1,-3.0652,4.05E-06
Parent=Transcript_C44E12.1.1,-4.2818,1.08E-15
Parent=Transcript_C44F1.1.1,2.13,0.0010378
Parent=Transcript_C44H4.3.1,-2.091,0.00024991
Parent=Transcript_C44H9.1.1,-2.0969,0.0052016
Parent=Transcript_C44H9.4.1,2.5326,0.048857
Parent=Transcript_C45B11.8.1,2.4144,8.13E-06
Parent=Transcript_C45B2.2.1,-1.9113,0.0009147
Parent=Transcript_C45B2.5.1,1.8855,0.00015019
Parent=Transcript_C45B2.7.1,-2.4687,2.21E-06
Parent=Transcript_C45E5.54,4.543,6.91E-11
Parent=Transcript_C45G7.3.1,-3.5122,0.030566
Parent=Transcript_C45G9.7.1,1.8121,0.00066852
Parent=Transcript_C46E10.5.1,-2.7992,0.0088299
Parent=Transcript_C46H11.2.1,-1.559,0.004851
Parent=Transcript_C46H11.4a.1,-1.6988,0.01996
Parent=Transcript_C46H11.9.1,-2.227,0.00015419
Parent=Transcript_C47B2.4.1,1.3519,0.015949
Parent=Transcript_C47D12.7a.1,-1.6974,0.0042861
Parent=Transcript_C47F8.7.1,-3.8363,0.018238
Parent=Transcript_C48B4.1.1,1.5628,0.0044895
Parent=Transcript_C48E7.10.1,-1.4502,0.013386
Parent=Transcript_C49C3.4a.1,-2.1148,6.84E-05
Parent=Transcript_C50B6.7.1,-4.3484,2.18E-17
Parent=Transcript_C50B8.4.1,1.704,0.001485
Parent=Transcript_C50B8.6.1,2.5137,3.32E-07
Parent=Transcript_C50D2.2.1,-1.7279,0.0060011
Parent=Transcript_C50F2.10.1,-1.8441,0.047707
Parent=Transcript_C50F2.9.1,2.5629,0.00021975
Parent=Transcript_C50F4.8.1,-1.491,0.0065268
Parent=Transcript_C50H11.15.1,-1.3799,0.032806
Parent=Transcript_C50H2.13.1,-4.2744,4.93E-13
Parent=Transcript_C51E3.6.1,-1.2864,0.030808
Parent=Transcript_C52B11.5.1,-1.457,0.010561
Parent=Transcript_C52E2.5.1,-3.6679,1.25E-11
Parent=Transcript_C53A5.13a.1,Inf,0.00028305
Parent=Transcript_C53A5.4.1,2.0752,0.00010374
Parent=Transcript_C53B7.4.1,-1.6734,0.0012614
Parent=Transcript_C53C11.2.1,-4.1612,9.79E-14
Parent=Transcript_C54C6.7.1,4.8714,4.00E-17
Parent=Transcript_C54C8.4.1,-5.2552,0.0046564
Parent=Transcript_C54D1.2.1,-2.5225,9.63E-06
Parent=Transcript_C54D10.14b.1,4.3127,0.00010722
Parent=Transcript_C54D10.7.1,Inf,1.38E-08
Parent=Transcript_C54D10.9.1,2.9533,0.00024922
Parent=Transcript_C54D2.2.1,-1.8668,0.0009587
Parent=Transcript_C54E4.5.1,3.0535,1.40E-07
Parent=Transcript_C54F6.18.1,-1.4389,0.0087288
Parent=Transcript_C54G4.4.1,-1.9622,0.0088033
Parent=Transcript_C55A6.5.1,3.1293,2.51E-10
Parent=Transcript_C55A6.6.1,2.1258,3.95E-05
Parent=Transcript_C55B6.1b.1,-3.4901,0.0025496
Parent=Transcript_C56A3.1.1,2.4034,0.0094431
Parent=Transcript_C56G2.4.1,-2.1924,0.03768
Parent=Transcript_CC4.2.1,-1.9159,0.010004
Parent=Transcript_D1005.1.1,1.2221,0.037013
Parent=Transcript_D1007.1.1,-2.4182,0.034229
Parent=Transcript_D1007.19.1,1.5944,0.014994
Parent=Transcript_D1007.3.1,-2.1424,0.0053459
Parent=Transcript_D1009.5.1,-3.3188,0.0086872
Parent=Transcript_D1014.5.1,-3.68,1.26E-09
Parent=Transcript_D1025.2.1,-2.2259,5.18E-05
Parent=Transcript_D1025.4.1,-4.3364,3.15E-17
Parent=Transcript_D1025.6.1,-5.9231,4.91E-13
Parent=Transcript_D1025.7.1,-5.9381,1.29E-24
Parent=Transcript_D1025.8.1,-5.7069,4.72E-11
Parent=Transcript_D1025.9.1,-4.1131,7.71E-15
Parent=Transcript_D1037.2.1,-3.2769,0.0074814
Parent=Transcript_D1053.1.1,-3.2761,3.04E-11
Parent=Transcript_D1053.3.1,-1.9284,0.0010798
Parent=Transcript_D1054.8.1,-1.5749,0.0069067
Parent=Transcript_D1086.5.1,-2.1484,1.16E-05
Parent=Transcript_D1086.7.1,-2.028,0.010967
Parent=Transcript_D1086.8a.1,-1.956,0.0040017
Parent=Transcript_D2005.2.1,-1.6125,0.0032188
Parent=Transcript_D2005.6.1,-2.3714,0.00087591
Parent=Transcript_D2024.2.1,-3.3793,5.51E-10
Parent=Transcript_D2024.7.1,-1.2958,0.030111
Parent=Transcript_D2062.12.1,-2.3036,1.97E-05
Parent=Transcript_D2085.7b,-2.0878,0.0096432
Parent=Transcript_D2092.4.1,-1.4847,0.0080467
Parent=Transcript_D2092.8.1,-3.2996,6.54E-06
Parent=Transcript_D2096.6.1,-3.1161,1.40E-08
Parent=Transcript_E01G6.2.1,-1.3151,0.039523
Parent=Transcript_E02H4.1.1,-2.0459,0.024691
Parent=Transcript_E02H9.5.1,-2.412,0.00075043
Parent=Transcript_E02H9.6.1,-2.9884,0.00019842
Parent=Transcript_E03D2.1.1,-1.5051,0.0065991
Parent=Transcript_E04F6.4.1,-2.4548,2.42E-06
Parent=Transcript_E04F6.7.1,-3.0672,1.18E-06
Parent=Transcript_E04F6.8.1,-1.3074,0.020129
Parent=Transcript_EEED8.2.1,-1.5243,0.011674
Parent=Transcript_EGAP1.3.1,1.457,0.012521
Parent=Transcript_EGAP5.1.1,-2.5039,0.011302
Parent=Transcript_EGAP7.1.1,-2.4111,0.0083186
Parent=Transcript_F01D4.2.1,-3.0888,1.02E-09
Parent=Transcript_F01D4.8.1,-3.7329,2.94E-06
Parent=Transcript_F01D5.1.1,-3.4827,4.22E-10
Parent=Transcript_F01D5.2.1,-3.4641,0.003463
Parent=Transcript_F01D5.3.1,-3.323,0.0020517
Parent=Transcript_F01D5.5.1,-5.3712,5.81E-20
Parent=Transcript_F01E11.1.1,-2.4023,0.00061339
Parent=Transcript_F01G12.18.1,-4.0601,0.0022742
Parent=Transcript_F02C12.4.1,3.2446,3.87E-07
Parent=Transcript_F02D8.2.1,-3.7345,0.0014123
Parent=Transcript_F02D8.5.1,-1.468,0.011366
Parent=Transcript_F07A5.3.1,-2.2239,3.03E-05
Parent=Transcript_F07C3.9.1,-3.3553,0.00095656
Parent=Transcript_F07D10.1.1,-1.3185,0.02371
Parent=Transcript_F07D3.2.1,-1.9705,0.021647
Parent=Transcript_F07E5.9.1,5.3855,1.42E-23
Parent=Transcript_F07G6.10.1,-3.4588,0.001442
Parent=Transcript_F07H5.13.1,-1.435,0.021489
Parent=Transcript_F07H5.7.1,-1.7258,0.04705
Parent=Transcript_F08A7.1b.1,-4.976,5.53E-11
Parent=Transcript_F08A7.1c.1,-5.6704,2.78E-05
Parent=Transcript_F08A8.3.1,-3.7851,1.29E-08
Parent=Transcript_F08D12.10.1,-2.0978,0.023231
Parent=Transcript_F08D12.7.1,-2.0802,8.20E-05
Parent=Transcript_F08E10.7.1,1.8406,0.022834
Parent=Transcript_F08G12.11.1,-3.7731,0.00035163
Parent=Transcript_F08G2.5.1,3.2055,8.25E-11
Parent=Transcript_F08G2.7.1,1.4832,0.0074838
Parent=Transcript_F08H9.3.1,-1.8555,0.012418
Parent=Transcript_F09A5.1.1,-2.956,0.014678
Parent=Transcript_F09A5.9.1,-1.6395,0.0016173
Parent=Transcript_F09B12.6.1,-3.1298,2.96E-07
Parent=Transcript_F09C6.13.1,6.1695,0.0064637
Parent=Transcript_F09C6.14.1,2.8458,0.00032096
Parent=Transcript_F09D12.2.1,-2.3586,0.0024282
Parent=Transcript_F09E10.1.1,-2.7799,0.00049137
Parent=Transcript_F09E10.10,-2.7409,0.03356
Parent=Transcript_F09E10.3.1,-2.5713,4.37E-05
Parent=Transcript_F09E10.6.1,-2.7041,0.013601
Parent=Transcript_F09E5.14.1,-1.2748,0.028457
Parent=Transcript_F09E5.16.1,-1.9188,0.0018026
Parent=Transcript_F09F7.6.1,-1.8537,0.00021346
Parent=Transcript_F09F9.2.1,-4.0187,4.79E-13
Parent=Transcript_F09F9.4.1,-2.6687,0.00020525
Parent=Transcript_F10A3.1.1,7.8483,6.93E-05
Parent=Transcript_F10B5.3.1,2.6187,0.00061526
Parent=Transcript_F10C1.5.1,-2.0752,0.036327
Parent=Transcript_F10G2.3.1,-9.3191,8.99E-21
Parent=Transcript_F10G8.10,2.9551,0.00015058
Parent=Transcript_F10G8.5.1,-2.1539,1.54E-05
Parent=Transcript_F11A5.15.1,-2.3059,2.10E-05
Parent=Transcript_F11A5.17.1,-4.111,0.0014418
Parent=Transcript_F11A5.3.1,7.3213,1.19E-16
Parent=Transcript_F11C7.2.1,-2.8256,0.039325
Parent=Transcript_F11D5.7.1,#NAME?,0.00017308
Parent=Transcript_F11E6.9.1,-2.7616,0.00030599
Parent=Transcript_F11G11.1.1,4.8616,0.0046525
Parent=Transcript_F11G11.2.1,2.1096,1.26E-05
Parent=Transcript_F12F6.9.1,4.2102,0.030294
Parent=Transcript_F13A7.12.1,-2.5081,0.0036975
Parent=Transcript_F13B12.2.1,-2.9793,0.0021833
Parent=Transcript_F13B12.5.1,-1.6921,0.0075054
Parent=Transcript_F13D11.1.1,-2.1327,2.83E-05
Parent=Transcript_F13D11.2b.1,-1.3883,0.033729
Parent=Transcript_F13G3.12.1,-2.5905,7.36E-06
Parent=Transcript_F13H6.5.1,-1.9485,0.00085594
Parent=Transcript_F13H8.7.1,-1.1929,0.040384
Parent=Transcript_F14D12.5.1,-1.2731,0.026752
Parent=Transcript_F14D2.19.1,-3.0386,3.38E-08
Parent=Transcript_F14F11.2.1,-1.9313,0.00017364
Parent=Transcript_F14F7.3.1,8.1249,0.021388
Parent=Transcript_F14F8.8.1,-4.3674,0.040524
Parent=Transcript_F14F9.2.1,4.3335,1.61E-11
Parent=Transcript_F14H12.1.1,-3.8285,0.001643
Parent=Transcript_F14H3.11.1,-2.0886,0.031079
Parent=Transcript_F15A4.13.1,4.7373,4.84E-12
Parent=Transcript_F15A4.5.1,-2.7963,7.36E-06
Parent=Transcript_F15A4.9.1,5.7854,1.77E-24
Parent=Transcript_F15B9.1.1,1.522,0.040802
Parent=Transcript_F15B9.6.1,Inf,1.63E-06
Parent=Transcript_F15D3.8.1,7.2079,5.15E-13
Parent=Transcript_F15D4.8.1,-1.643,0.0021954
Parent=Transcript_F15E6.10.1,-2.7064,0.022383
Parent=Transcript_F15E6.3.1,-4.531,2.15E-07
Parent=Transcript_F15E6.4.1,-4.1447,0.015932
Parent=Transcript_F15H10.12.1,6.6276,3.71E-05
Parent=Transcript_F16B4.7.1,-1.5225,0.011006
Parent=Transcript_F16C3.2.1,-2.242,6.10E-06
Parent=Transcript_F16D3.1.1,-1.7804,0.019923
Parent=Transcript_F16F9.2.1,2.5015,0.0078215
Parent=Transcript_F16F9.4.1,-2.0992,8.36E-05
Parent=Transcript_F17B5.8.1,1.8661,0.032801
Parent=Transcript_F17B5.9.1,-2.9953,0.022339
Parent=Transcript_F17C11.3.1,-1.9737,0.00013344
Parent=Transcript_F17C11.5.1,1.4783,0.028534
Parent=Transcript_F17E9.11.1,-4.4045,0.0086851
Parent=Transcript_F17E9.4.1,-1.2759,0.020051
Parent=Transcript_F18C5.5.1,-3.3609,3.62E-07
Parent=Transcript_F18C5.9.1,-2.742,0.00056747
Parent=Transcript_F18F11.5.1,-2.2253,0.00091426
Parent=Transcript_F18G5.6.1,-2.0139,5.67E-05
Parent=Transcript_F19B10.14,4.6808,5.64E-18
Parent=Transcript_F19B10.9.1,1.2662,0.03515
Parent=Transcript_F19B2.5.1,3.6478,2.58E-12
Parent=Transcript_F19B6.10.1,3.6111,0.0040556
Parent=Transcript_F19C6.5.1,-1.2518,0.047366
Parent=Transcript_F19C7.1.1,-2.2248,6.19E-06
Parent=Transcript_F19G12.4.1,1.4452,0.026272
Parent=Transcript_F19G12.8.1,1.5161,0.022975
Parent=Transcript_F19H8.3.1,-1.6087,0.030026
Parent=Transcript_F20A1.1.1,-1.6741,0.0020709
Parent=Transcript_F20A1.8.1,-4.5913,0.015633
Parent=Transcript_F20B4.6.1,-3.3948,2.43E-10
Parent=Transcript_F20B4.8,-2.547,0.01696
Parent=Transcript_F20C5.4.1,1.6365,0.0027262
Parent=Transcript_F21C10.7.1,-1.2068,0.046006
Parent=Transcript_F21D5.9.1,-2.4116,0.047289
Parent=Transcript_F21E9.3.1,-4.4074,0.00018027
Parent=Transcript_F21F8.7.1,-2.7599,1.46E-05
Parent=Transcript_F21G4.2.1,1.2245,0.042378
Parent=Transcript_F21G4.5.1,2.2298,1.17E-05
Parent=Transcript_F21H7.10.1,-5.2296,7.53E-06
Parent=Transcript_F21H7.12.1,-2.1048,0.0050321
Parent=Transcript_F21H7.3.1,4.3435,1.73E-16
Parent=Transcript_F22A3.5.1,-2.997,0.0022599
Parent=Transcript_F22B5.3.1,-4.0519,1.32E-10
Parent=Transcript_F22B7.7.1,-1.5883,0.0052557
Parent=Transcript_F22B7.9.1,-2.0626,3.53E-05
Parent=Transcript_F22E10.1.1,-2.2436,0.0006201
Parent=Transcript_F22E5.3.1,-2.4051,0.00080867
Parent=Transcript_F22F1.1.1,-1.9543,0.040152
Parent=Transcript_F22F4.1.1,-3.2704,0.00017316
Parent=Transcript_F22F4.4.1,-1.6237,0.0026371
Parent=Transcript_F22F4.5.1,-2.0726,0.00022614
Parent=Transcript_F22F7.8.1,-3.7855,1.58E-09
Parent=Transcript_F22G12.1.1,9.98,1.41E-30
Parent=Transcript_F22H10.2.1,2.3506,1.22E-05
Parent=Transcript_F22H10.3.1,1.4149,0.011782
Parent=Transcript_F22H10.6.1,-2.6674,0.0061933
Parent=Transcript_F23A7.3.1,-3.2985,2.84E-09
Parent=Transcript_F23B2.10.1,5.3985,7.12E-07
Parent=Transcript_F23B2.12.1,-3.2152,1.96E-09
Parent=Transcript_F23C8.8.1,1.7014,0.0024986
Parent=Transcript_F23D12.3.1,-2.0403,0.00034276
Parent=Transcript_F23D12.6.1,-3.0037,2.62E-06
Parent=Transcript_F23D12.7.1,-1.9694,0.0016829
Parent=Transcript_F23F1.6.1,-2.0554,4.27E-05
Parent=Transcript_F23F12.12.1,-2.6639,0.0073406
Parent=Transcript_F23F12.13.1,-3.202,1.21E-07
Parent=Transcript_F23G4.1.1,-4.5831,0.00114
Parent=Transcript_F23H12.5.1,-3.1598,4.72E-08
Parent=Transcript_F23H12.8.1,-1.9161,0.03211
Parent=Transcript_F25B3.2.1,4.6561,3.46E-17
Parent=Transcript_F25E5.5.1,1.3706,0.0183
Parent=Transcript_F25G6.6.1,-3.3486,0.03133
Parent=Transcript_F25H2.9.1,1.3841,0.015738
Parent=Transcript_F25H8.6.1,-2.0333,0.000363
Parent=Transcript_F26A1.2.1,2.7209,0.012808
Parent=Transcript_F26A10.1.1,-1.4552,0.038809
Parent=Transcript_F26A3.4.1,-1.8311,0.00053215
Parent=Transcript_F26D11.13.1,4.9455,0.015932
Parent=Transcript_F26D11.2.1,4.5074,1.05E-07
Parent=Transcript_F26D11.9.1,2.6107,0.0078786
Parent=Transcript_F26D2.16.1,-3.5267,0.00022923
Parent=Transcript_F26F12.4.1,-2.8604,2.98E-06
Parent=Transcript_F26F2.1.1,9.6716,1.71E-06
Parent=Transcript_F26F2.3.1,10.369,3.81E-27
Parent=Transcript_F26F2.4b.1,Inf,4.72E-08
Parent=Transcript_F26F2.5.1,7.1029,1.70E-09
Parent=Transcript_F26F2.8.1,-1.8958,0.0047942
Parent=Transcript_F26F4.8.1,Inf,0.021106
Parent=Transcript_F26G1.10.1,-2.4798,0.004399
Parent=Transcript_F26G1.11.1,-4.6069,8.15E-12
Parent=Transcript_F26G1.4.1,-2.3482,1.43E-05
Parent=Transcript_F26G1.9.1,-2.5941,0.018413
Parent=Transcript_F26G5.9.1,2.0093,4.47E-05
Parent=Transcript_F27C1.8.1,-2.4787,0.0084247
Parent=Transcript_F27D9.6.1,-2.2326,1.60E-05
Parent=Transcript_F27E11.1a.1,-3.9024,9.69E-12
Parent=Transcript_F27E5.1.1,-3.8685,5.93E-12
Parent=Transcript_F28A10.6.1,-1.1994,0.043552
Parent=Transcript_F28A12.3.1,-3.8811,6.18E-06
Parent=Transcript_F28C1.2c.1,1.3398,0.029597
Parent=Transcript_F28C6.1.1,-1.6883,0.022462
Parent=Transcript_F28D1.3.1,2.2973,7.65E-06
Parent=Transcript_F28G4.1.1,-2.7047,2.63E-07
Parent=Transcript_F28H1.1.1,2.5014,3.46E-07
Parent=Transcript_F28H1.2.1,-1.3893,0.012556
Parent=Transcript_F28H6.4.1,1.6447,0.0015922
Parent=Transcript_F28H6.8.1,2.6027,6.93E-05
Parent=Transcript_F28H7.3.1,-4.0692,7.28E-16
Parent=Transcript_F29C6.1a.1,-3.0347,0.017397
Parent=Transcript_F29G9.5.1,1.3244,0.01799
Parent=Transcript_F30A10.11.1,-2.4188,3.92E-05
Parent=Transcript_F30A10.14.1,-2.4613,5.38E-07
Parent=Transcript_F30H5.3.1,-3.0325,3.81E-08
Parent=Transcript_F31E9.11,-2.3782,6.93E-06
Parent=Transcript_F31F4.12.1,-1.751,0.0015032
Parent=Transcript_F32A5.3.1,-2.8887,4.00E-05
Parent=Transcript_F32A7.7.1,2.9521,0.00046507
Parent=Transcript_F32B6.9.1,2.2878,4.85E-06
Parent=Transcript_F32D1.11.1,-1.3784,0.026891
Parent=Transcript_F32D8.3.1,-2.657,0.0029284
Parent=Transcript_F32D8.9.1,-4.5826,9.72E-18
Parent=Transcript_F32G8.6.1,-1.7612,0.013538
Parent=Transcript_F32H5.1.1,-2.8963,6.74E-09
Parent=Transcript_F33A8.7.1,-2.9597,0.00044521
Parent=Transcript_F33C8.3.1,-1.6502,0.0025822
Parent=Transcript_F33D11.3.1,-2.5515,0.00040432
Parent=Transcript_F33H12.4.1,4.0658,0.003847
Parent=Transcript_F33H12.5.1,4.2284,1.93E-05
Parent=Transcript_F33H12.7.1,5.9409,2.82E-29
Parent=Transcript_F34H10.4.1,2.8724,5.13E-06
Parent=Transcript_F35A5.2.1,-1.7436,0.0027493
Parent=Transcript_F35A5.4.1,-2.3759,0.030406
Parent=Transcript_F35C11.7.1,-1.7642,0.0071703
Parent=Transcript_F35C5.9.1,-5.0521,5.15E-11
Parent=Transcript_F35C8.5.1,-4.3118,6.89E-18
Parent=Transcript_F35E8.12.1,-2.4756,0.00025306
Parent=Transcript_F35E8.8.1,2.4971,1.56E-06
Parent=Transcript_F35F10.13.1,-2.4698,7.90E-06
Parent=Transcript_F35F10.7.1,-4.1955,5.31E-06
Parent=Transcript_F36A2.3.1,2.299,2.94E-06
Parent=Transcript_F36F2.2.1,-2.2404,4.04E-06
Parent=Transcript_F36G3.2.1,-2.6367,4.40E-07
Parent=Transcript_F36G9.11.1,-3.2748,0.038299
Parent=Transcript_F36G9.14.1,-3.2012,1.85E-06
Parent=Transcript_F36G9.5.1,-5.7054,0.0050938
Parent=Transcript_F36H1.11.1,-2.5408,5.37E-05
Parent=Transcript_F36H1.12.1,-3.0447,0.0029284
Parent=Transcript_F36H12.1.1,-1.4522,0.0071538
Parent=Transcript_F36H9.5.1,-2.6223,0.049006
Parent=Transcript_F37A8.4.1,-1.7098,0.0012799
Parent=Transcript_F37A8.5.1,-2.3819,1.89E-06
Parent=Transcript_F37B1.1.1,2.4565,0.049797
Parent=Transcript_F37B1.2.1,2.5741,7.05E-07
Parent=Transcript_F37B1.5.1,2.7068,1.35E-07
Parent=Transcript_F37B4.15.1,3.4166,0.049078
Parent=Transcript_F37B4.7.1,-3.6973,0.037751
Parent=Transcript_F37C12.21.1,3.159,1.26E-08
Parent=Transcript_F37F2.3.1,5.8228,6.05E-11
Parent=Transcript_F37H8.5.1,-1.7047,0.00087575
Parent=Transcript_F38A1.10.1,-2.3522,0.017729
Parent=Transcript_F38A3.2.1,-1.7225,0.0014629
Parent=Transcript_F38A5.7.1,1.2473,0.026279
Parent=Transcript_F38B2.2.1,-2.9511,4.55E-05
Parent=Transcript_F38B2.4a.1,-2.0618,0.00017715
Parent=Transcript_F38B6.6.1,-2.048,0.0021398
Parent=Transcript_F38B7.11.1,-3.3372,0.0095925
Parent=Transcript_F38E11.1.1,-4.0484,1.44E-13
Parent=Transcript_F38E11.2.1,-4.7502,6.98E-10
Parent=Transcript_F38E9.1.1,-1.4837,0.0053824
Parent=Transcript_F39C12.4.1,-1.4678,0.01684
Parent=Transcript_F39E9.17,-3.6947,4.19E-05
Parent=Transcript_F39F10.4.1,-1.5919,0.041844
Parent=Transcript_F39G3.1.1,-1.7477,0.004711
Parent=Transcript_F39G3.4.1,6.7697,1.23E-24
Parent=Transcript_F39G3.7.1,2.2591,4.53E-06
Parent=Transcript_F39H11.5.1,1.2638,0.030856
Parent=Transcript_F39H12.2.1,-3.1201,6.19E-07
Parent=Transcript_F39H12.3.1,-1.5626,0.039955
Parent=Transcript_F39H12.4.1,-1.4865,0.016418
Parent=Transcript_F40A3.2.1,-1.3481,0.017109
Parent=Transcript_F40A3.6.1,-1.6696,0.0025851
Parent=Transcript_F40A3.7.1,-2.359,0.00023752
Parent=Transcript_F40E10.1.1,-2.0655,0.00031924
Parent=Transcript_F40E10.3.1,-1.9948,5.76E-05
Parent=Transcript_F40E10.5.1,-3.7112,7.22E-09
Parent=Transcript_F40E3.8,-3.0566,0.045043
Parent=Transcript_F40F8.4.1,-2.3106,8.39E-06
Parent=Transcript_F40G12.5.1,-3.607,5.16E-10
Parent=Transcript_F40G9.8.1,Inf,5.22E-12
Parent=Transcript_F41B4.1.1,-1.2756,0.04579
Parent=Transcript_F41C3.7.1,-2.1187,0.0032017
Parent=Transcript_F41C6.6.1,-3.2048,0.019399
Parent=Transcript_F41D3.1.1,#NAME?,0.028643
Parent=Transcript_F41E6.11.1,-2.6452,0.0041937
Parent=Transcript_F41E6.2.1,-2.692,0.032252
Parent=Transcript_F41E7.1.1,-1.4877,0.0121
Parent=Transcript_F41E7.20,-3.9292,4.21E-10
Parent=Transcript_F41E7.4.1,-1.4004,0.0134
Parent=Transcript_F41E7.8.1,-1.4195,0.011474
Parent=Transcript_F41F3.3.1,-3.173,5.44E-05
Parent=Transcript_F41F3.8.1,-3.8998,1.11E-09
Parent=Transcript_F41G3.1.1,-1.9759,0.00016372
Parent=Transcript_F41G3.16.1,-2.4818,0.04705
Parent=Transcript_F42A10.6.1,-3.7594,1.67E-13
Parent=Transcript_F42A10.7.1,-2.4624,0.00025479
Parent=Transcript_F42D1.2.1,-2.6957,2.47E-07
Parent=Transcript_F42E11.4.1,-2.1446,1.80E-05
Parent=Transcript_F42F12.2.1,-1.2308,0.039666
Parent=Transcript_F42F12.3.1,-2.4012,1.68E-06
Parent=Transcript_F42F12.7.1,#NAME?,0.00073298
Parent=Transcript_F42F12.9.1,-3.5315,0.030294
Parent=Transcript_F42G2.3.1,1.9706,0.00051368
Parent=Transcript_F42G2.5.1,3.392,7.02E-12
Parent=Transcript_F43C11.3.1,-1.3444,0.031581
Parent=Transcript_F43C11.7.1,-1.4757,0.030818
Parent=Transcript_F43G9.21.1,3.1767,3.31E-05
Parent=Transcript_F44A6.3.1,5.199,8.02E-17
Parent=Transcript_F44B9.2.1,-1.4436,0.022563
Parent=Transcript_F44C4.3.1,-2.9203,1.76E-09
Parent=Transcript_F44C8.3.1,-1.8435,0.00029372
Parent=Transcript_F44C8.4.1,-1.4499,0.011454
Parent=Transcript_F44D12.2.1,-1.4025,0.018945
Parent=Transcript_F44F4.1.1,-2.0615,0.0004916
Parent=Transcript_F44G3.6.1,1.6688,0.0013967
Parent=Transcript_F45C12.4.1,-2.0149,0.00019902
Parent=Transcript_F45C12.6.1,-1.8959,0.037178
Parent=Transcript_F45D3.11,#NAME?,0.036165
Parent=Transcript_F45D3.3.1,-1.73,0.0007892
Parent=Transcript_F45E1.6.1,-2.3199,2.11E-06
Parent=Transcript_F45E4.1.1,1.5455,0.01223
Parent=Transcript_F45H10.4.1,-1.7368,0.0011754
Parent=Transcript_F46A8.13,-3.9556,3.05E-11
Parent=Transcript_F46A8.7.1,#NAME?,0.014328
Parent=Transcript_F46B6.8.1,-7.1696,1.08E-35
Parent=Transcript_F46C3.6.1,-1.9121,0.00061339
Parent=Transcript_F46C5.10.1,-2.8815,2.03E-08
Parent=Transcript_F46C8.2.1,-2.7442,0.0034802
Parent=Transcript_F46C8.6.1,-3.4524,6.62E-09
Parent=Transcript_F46E10.11.1,-1.3752,0.037955
Parent=Transcript_F46E10.2.1,-1.6507,0.010611
Parent=Transcript_F46G10.3.1,4.8877,3.76E-20
Parent=Transcript_F47B7.1.1,-1.4331,0.010561
Parent=Transcript_F47B8.10.1,-3.8422,2.62E-13
Parent=Transcript_F47B8.7.1,-3.4889,0.0082002
Parent=Transcript_F47B8.8.1,-1.5623,0.0048306
Parent=Transcript_F47D12.6.1,1.5314,0.0057749
Parent=Transcript_F47E1.2.1,-1.4511,0.016539
Parent=Transcript_F47E1.4.1,-3.6315,5.42E-13
Parent=Transcript_F47G4.7.1,-2.2033,0.00057487
Parent=Transcript_F47H4.10.1,2.6699,1.38E-06
Parent=Transcript_F48B9.4.1,-1.4222,0.016255
Parent=Transcript_F48C11.1.1,2.6605,3.35E-05
Parent=Transcript_F48C11.3.1,-1.3805,0.018341
Parent=Transcript_F48C5.2.1,-2.1918,0.00044266
Parent=Transcript_F48D6.3.1,-2.7538,0.00019158
Parent=Transcript_F48G7.8.1,-4.1992,0.002962
Parent=Transcript_F49A5.6.1,Inf,0.024341
Parent=Transcript_F49A5.9.1,#NAME?,0.047442
Parent=Transcript_F49C12.14.1,-3.4189,9.01E-10
Parent=Transcript_F49E10.3.1,-1.817,0.00051368
Parent=Transcript_F49E11.11.1,-2.4421,2.03E-06
Parent=Transcript_F49E11.6.1,#NAME?,0.0012541
Parent=Transcript_F49E12.10.1,-5.1493,6.71E-16
Parent=Transcript_F49E12.12.1,-3.762,6.35E-09
Parent=Transcript_F49E12.2.1,2.76,2.02E-08
Parent=Transcript_F49E12.7.1,3.2772,0.00057185
Parent=Transcript_F52B10.2.1,-1.8302,0.0056715
Parent=Transcript_F52B11.3.1,-1.5661,0.0074927
Parent=Transcript_F52B11.5.1,2.5974,3.98E-07
Parent=Transcript_F52D2.4.1,1.2023,0.046109
Parent=Transcript_F52E4.6.1,-3.1516,0.00053682
Parent=Transcript_F52H3.5.1,-1.1814,0.045195
Parent=Transcript_F53A9.3.1,-3.0083,0.00042021
Parent=Transcript_F53A9.4.1,-2.5291,0.0098168
Parent=Transcript_F53A9.8.1,-4.9497,1.34E-22
Parent=Transcript_F53B1.4.1,-3.7696,1.64E-11
Parent=Transcript_F53B1.6.1,-3.2868,0.0027262
Parent=Transcript_F53B3.5.1,-2.7977,1.48E-05
Parent=Transcript_F53B6.9.1,-2.6635,0.00062713
Parent=Transcript_F53B7.7.1,-3.9099,0.00053975
Parent=Transcript_F53C11.3.1,-1.5958,0.0024792
Parent=Transcript_F53C11.9.1,-1.7139,0.0017535
Parent=Transcript_F53E10.5.1,Inf,0.045506
Parent=Transcript_F53F1.9.1,-3.1026,0.017585
Parent=Transcript_F53F4.1.1,-1.7968,0.02241
Parent=Transcript_F53F4.13.1,-2.3863,1.45E-06
Parent=Transcript_F53F4.17.1,3.465,3.05E-11
Parent=Transcript_F53H2.2.1,-4.8247,8.54E-10
Parent=Transcript_F53H4.3.1,-1.5535,0.025904
Parent=Transcript_F53H8.3.1,-2.1603,0.00013784
Parent=Transcript_F54A3.3.1,1.1683,0.047621
Parent=Transcript_F54A5.3g,3.2006,1.49E-08
Parent=Transcript_F54B11.10.1,-2.7524,0.0061153
Parent=Transcript_F54B11.11.1,-4.3637,1.32E-05
Parent=Transcript_F54B8.3.1,-1.3065,0.027272
Parent=Transcript_F54C9.3.1,-1.5013,0.0053366
Parent=Transcript_F54D10.2.1,-2.7909,1.03E-08
Parent=Transcript_F54D10.3.1,2.0949,4.00E-05
Parent=Transcript_F54D11.1.1,-2.0596,3.14E-05
Parent=Transcript_F54D5.4.1,-1.6513,0.0061933
Parent=Transcript_F54D8.1.1,-2.7523,0.0048716
Parent=Transcript_F54E2.2.1,-2.6346,0.013888
Parent=Transcript_F54F11.1.1,-2.9283,0.0066505
Parent=Transcript_F54F7.3.1,-2.2133,9.86E-06
Parent=Transcript_F54F7.6.1,1.786,0.0013463
Parent=Transcript_F54H12.2.1,4.7646,0.0015091
Parent=Transcript_F55A4.2.1,-1.9657,0.023173
Parent=Transcript_F55A4.9,-3.5691,0.0049371
Parent=Transcript_F55B11.1.1,-1.2139,0.036431
Parent=Transcript_F55B11.4.1,2.1185,2.74E-05
Parent=Transcript_F55C12.4.1,-2.117,0.0010294
Parent=Transcript_F55E10.7.1,-2.2588,0.00059668
Parent=Transcript_F55G11.2.1,-4.2422,0.0017506
Parent=Transcript_F55G11.4.1,-3.6425,0.0080166
Parent=Transcript_F55G11.8.1,-3.4805,1.26E-09
Parent=Transcript_F55H12.2.1,-4.887,3.22E-07
Parent=Transcript_F55H12.8,-2.4277,0.00055847
Parent=Transcript_F56A6.5.1,8.3544,1.63E-42
Parent=Transcript_F56A6.8.1,4.0413,1.95E-05
Parent=Transcript_F56B3.7.1,-3.0572,2.58E-08
Parent=Transcript_F56C11.1.1,2.7546,9.63E-06
Parent=Transcript_F56C9.7.1,-2.6067,0.0010968
Parent=Transcript_F56D1.6.1,-1.6998,0.0017203
Parent=Transcript_F56D5.1.1,-3.1698,1.01E-09
Parent=Transcript_F56D5.3.1,2.2211,1.97E-05
Parent=Transcript_F56D6.10.1,-3.2685,0.020048
Parent=Transcript_F56F10.2.1,-1.5554,0.014292
Parent=Transcript_F56F11.1.1,-3.1334,4.18E-05
Parent=Transcript_F56F4.5.1,-1.3371,0.047987
Parent=Transcript_F56H6.5.1,-5.6633,0.00086528
Parent=Transcript_F56H9.2a.1,-3.1959,0.00033865
Parent=Transcript_F56H9.3.1,-1.9088,0.045883
Parent=Transcript_F57A8.7.1,-5.7438,0.028916
Parent=Transcript_F57B1.1.1,#NAME?,0.025236
Parent=Transcript_F57B1.5.1,-2.881,5.45E-07
Parent=Transcript_F57C2.4.1,-2.0927,2.95E-05
Parent=Transcript_F57F4.3.1,-2.277,0.0036436
Parent=Transcript_F57G8.6.1,-6.0902,7.41E-24
Parent=Transcript_F58A4.11.1,-2.0895,0.018789
Parent=Transcript_F58B3.1.1,-3.2613,0.0030656
Parent=Transcript_F58B3.2.1,-3.3903,1.14E-08
Parent=Transcript_F58B3.9.1,-1.2722,0.024295
Parent=Transcript_F58B4.5.1,-2.2222,3.50E-05
Parent=Transcript_F58E10.3b,1.3529,0.04172
Parent=Transcript_F58E10.4.1,1.7507,0.00077158
Parent=Transcript_F58E10.5.1,1.6603,0.0359
Parent=Transcript_F58E10.7.1,-1.2091,0.040707
Parent=Transcript_F58F12.12.1,-1.7356,0.027084
Parent=Transcript_F58F12.4.1,1.7668,0.0078786
Parent=Transcript_F58F6.6.1,2.753,0.0039448
Parent=Transcript_F58G1.4.1,-3.4103,3.45E-12
Parent=Transcript_F58G1.5.1,-2.5944,2.83E-05
Parent=Transcript_F58G6.4a.1,Inf,0.006539
Parent=Transcript_F58G6.7.1,3.5472,0.0038018
Parent=Transcript_F58H1.2.1,-2.8809,9.96E-07
Parent=Transcript_F58H12.1.1,-1.2111,0.044846
Parent=Transcript_F58H7.5.1,2.2036,0.0081322
Parent=Transcript_F59B1.2.1,-4.2572,2.11E-17
Parent=Transcript_F59C6.11.1,-2.7721,4.98E-08
Parent=Transcript_F59F4.2.1,-2.0219,3.53E-05
Parent=Transcript_F59F5.1.1,-1.837,0.021166
Parent=Transcript_F59H5.6,-1.7379,0.001489
Parent=Transcript_H01M10.3.1,-2.6532,1.12E-07
Parent=Transcript_H02F09.3.1,4.4161,1.57E-10
Parent=Transcript_H03G16.6.1,4.8566,7.97E-16
Parent=Transcript_H04D03.4.1,1.7145,0.018561
Parent=Transcript_H06H21.30,#NAME?,0.013386
Parent=Transcript_H10D18.1.1,-2.9582,8.10E-05
Parent=Transcript_H10E21.4.1,-3.2136,3.97E-10
Parent=Transcript_H11E01.2.1,-2.7964,9.41E-06
Parent=Transcript_H12C20.3a.1,-3.9116,1.76E-13
Parent=Transcript_H14N18.3.1,-1.471,0.0053366
Parent=Transcript_H16O14.77,#NAME?,1.24E-05
Parent=Transcript_H22K11.1.1,-2.8213,9.48E-09
Parent=Transcript_H23N18.6.1,-2.781,0.0053691
Parent=Transcript_H27M09.4.1,-3.2133,4.11E-10
Parent=Transcript_H29C22.1.1,-2.0705,0.00041831
Parent=Transcript_H32K16.2.1,-1.5946,0.0040992
Parent=Transcript_H34I24.2.1,-1.3034,0.029067
Parent=Transcript_H41C03.1.1,-1.3615,0.030294
Parent=Transcript_JC8.14.1,-1.1568,0.040778
Parent=Transcript_JC8.16.1,-2.6583,0.002135
Parent=Transcript_K01A2.7.1,-2.9835,0.00016598
Parent=Transcript_K01D12.1.1,-3.6886,7.09E-11
Parent=Transcript_K01D12.11.1,4.2832,5.87E-07
Parent=Transcript_K01D12.9.1,-3.2777,8.10E-10
Parent=Transcript_K01G5.3.1,1.3924,0.022496
Parent=Transcript_K02A4.1.1,-1.9687,7.54E-05
Parent=Transcript_K02B9.1.1,1.3163,0.018957
Parent=Transcript_K02E10.6.1,-1.9574,0.00091207
Parent=Transcript_K02E2.4.1,-5.1894,3.01E-06
Parent=Transcript_K02E7.10.1,4.1961,1.40E-10
Parent=Transcript_K02E7.11.1,-2.5488,0.0009587
Parent=Transcript_K02F2.5.1,-1.8201,0.0022235
Parent=Transcript_K02F3.9.1,-1.9626,8.98E-05
Parent=Transcript_K03A11.2.1,-2.459,5.53E-05
Parent=Transcript_K03D3.2.1,-3.0601,0.00091426
Parent=Transcript_K03D3.5.1,-3.5843,0.00010641
Parent=Transcript_K03E6.1b.1,-2.9821,5.06E-06
Parent=Transcript_K03E6.3.1,-1.7662,0.0016829
Parent=Transcript_K03E6.6.1,-1.2915,0.025341
Parent=Transcript_K03E6.7.1,-1.2718,0.031439
Parent=Transcript_K03H1.6.1,-1.4166,0.01223
Parent=Transcript_K04E7.2.1,-2.0044,9.20E-05
Parent=Transcript_K05F1.10.1,2.3412,0.00076926
Parent=Transcript_K05F1.14.1,-2.1844,0.039741
Parent=Transcript_K05F6.10.1,-3.7457,6.95E-07
Parent=Transcript_K05F6.7.1,-2.0032,0.023802
Parent=Transcript_K05G3.3.1,-1.3203,0.028916
Parent=Transcript_K06A4.15,-2.3382,0.036925
Parent=Transcript_K06A4.7.1,-1.8074,0.0003181
Parent=Transcript_K06A9.2.1,-1.2223,0.047512
Parent=Transcript_K06B9.6.1,-2.6488,4.02E-06
Parent=Transcript_K07A1.13.1,1.911,0.00025134
Parent=Transcript_K07A1.6.1,-1.3493,0.017779
Parent=Transcript_K07A1.7.1,2.1822,0.028293
Parent=Transcript_K07A12.6.1,2.4849,3.28E-06
Parent=Transcript_K07C10.3,-3.5632,4.15E-06
Parent=Transcript_K07C11.4.1,-2.7417,6.95E-08
Parent=Transcript_K07D4.3.1,1.2564,0.030079
Parent=Transcript_K07D4.8.1,-1.3922,0.016246
Parent=Transcript_K07E3.3.1,-1.5662,0.0036121
Parent=Transcript_K07G5.5.1,-5.2071,1.41E-21
Parent=Transcript_K08A8.1a.1,1.5433,0.0053691
Parent=Transcript_K08B4.6.1,-1.1317,0.047707
Parent=Transcript_K08C7.6.1,-1.5646,0.0081102
Parent=Transcript_K08C9.4.1,-2.6815,0.00085594
Parent=Transcript_K08D12.1.1,1.2475,0.032505
Parent=Transcript_K08D12.8.1,-3.2383,0.007843
Parent=Transcript_K08D8.11.1,2.5604,0.033593
Parent=Transcript_K08D8.5.1,-4.7465,1.60E-09
Parent=Transcript_K08D9.9.1,-2.5568,0.034137
Parent=Transcript_K08F4.4.1,-1.4851,0.012621
Parent=Transcript_K08F4.7.1,1.8121,0.0008894
Parent=Transcript_K08F8.7.1,-2.4064,0.0017491
Parent=Transcript_K08F9.1a.1,-4.4196,0.037878
Parent=Transcript_K08F9.3d.1,-4.0787,2.25E-07
Parent=Transcript_K08H2.1.1,-2.3617,9.86E-06
Parent=Transcript_K09A11.2.1,-2.2467,0.031801
Parent=Transcript_K09A11.3.1,-2.9926,0.0080057
Parent=Transcript_K09A9.4.1,1.5011,0.011782
Parent=Transcript_K09A9.5.1,-1.2577,0.029971
Parent=Transcript_K09C8.8.1,-3.9693,1.86E-06
Parent=Transcript_K09C8.9.1,-3.4663,0.003561
Parent=Transcript_K09E2.3.1,-1.5234,0.0043685
Parent=Transcript_K09E4.6.1,-2.29,4.35E-06
Parent=Transcript_K09F6.13.1,3.7002,1.39E-08
Parent=Transcript_K09F6.7.1,2.8519,6.46E-09
Parent=Transcript_K10C2.14.1,-2.8635,4.85E-06
Parent=Transcript_K10C2.8.1,-4.4392,1.40E-09
Parent=Transcript_K10D11.2.1,-2.881,0.014613
Parent=Transcript_K10D11.5.1,-2.2896,3.97E-05
Parent=Transcript_K10D11.6.1,-3.158,2.11E-07
Parent=Transcript_K10D3.6.1,-3.2862,1.97E-10
Parent=Transcript_K11D12.13.1,-2.7032,1.24E-07
Parent=Transcript_K11D12.9.1,1.3411,0.019487
Parent=Transcript_K11G9.1.1,-2.9025,8.91E-05
Parent=Transcript_K11G9.4.1,-2.0105,0.00043693
Parent=Transcript_K11G9.6.1,-3.4833,4.81E-13
Parent=Transcript_K11H12.3.1,1.7337,0.0019191
Parent=Transcript_K11H12.4.1,1.3174,0.024697
Parent=Transcript_K11H12.5.1,-1.6977,0.017109
Parent=Transcript_K11H12.7.1,-1.3643,0.022033
Parent=Transcript_K12B6.11.1,-4.3243,3.90E-09
Parent=Transcript_K12B6.3.1,-3.6675,2.69E-07
Parent=Transcript_K12B6.5.1,-4.4144,0.0018838
Parent=Transcript_K12B6.9.1,-3.8062,3.45E-12
Parent=Transcript_K12D12.3.1,2.8807,0.00018969
Parent=Transcript_K12G11.2.1,-1.8462,0.0033096
Parent=Transcript_K12H4.1.1,-1.3444,0.042719
Parent=Transcript_K12H6.4.1,-4.4493,0.00068752
Parent=Transcript_M01D7.5.1,-1.9803,9.70E-05
Parent=Transcript_M01G12.12.1,1.7158,0.0011219
Parent=Transcript_M01G12.7.1,9.5542,4.88E-30
Parent=Transcript_M02D8.1.1,-2.4863,3.01E-07
Parent=Transcript_M02D8.6.1,-1.9413,0.00012872
Parent=Transcript_M02E1.2.1,-1.5622,0.0082236
Parent=Transcript_M02E1.4.1,-4.0991,0.00012974
Parent=Transcript_M02H5.1.1,-4.7892,4.96E-18
Parent=Transcript_M02H5.4a.1,-1.8917,0.021053
Parent=Transcript_M03B6.3.1,-1.9782,0.030294
Parent=Transcript_M03C11.1.1,-1.6339,0.012896
Parent=Transcript_M04B2.6.1,-1.7105,0.0025707
Parent=Transcript_M04C9.2.1,-2.4399,0.024297
Parent=Transcript_M04D8.2.1,-3.5514,3.75E-10
Parent=Transcript_M04D8.3.1,-5.4782,1.33E-19
Parent=Transcript_M04D8.7.1,-1.8985,0.0014874
Parent=Transcript_M04G12.2.1,-3.282,1.41E-11
Parent=Transcript_M05B5.4.1,-1.7382,0.00077158
Parent=Transcript_M05B5.6.1,1.9285,0.00019917
Parent=Transcript_M05D6.9.1,2.2083,0.0001362
Parent=Transcript_M110.3.1,2.0112,7.65E-05
Parent=Transcript_M151.7.1,1.4976,0.010062
Parent=Transcript_M153.4.1,-2.7128,8.93E-05
Parent=Transcript_M162.5.1,-1.6703,0.0026498
Parent=Transcript_M163.1.1,-2.5377,2.56E-07
Parent=Transcript_M163.3.1,-2.1804,0.034499
Parent=Transcript_M176.4.1,#NAME?,0.0017265
Parent=Transcript_M176.5.1,-1.5385,0.034571
Parent=Transcript_M18.7b,1.3395,0.034243
Parent=Transcript_M28.2.1,3.7613,0.00051199
Parent=Transcript_M28.8.1,2.5496,2.38E-07
Parent=Transcript_M6.1a.1,-2.3385,1.26E-05
Parent=Transcript_M7.8.1,-1.3872,0.021348
Parent=Transcript_MTCE.7,-1.2922,0.02436
Parent=Transcript_R02E12.2b.1,-1.2612,0.038666
Parent=Transcript_R02F11.1.1,-3.8048,1.76E-07
Parent=Transcript_R02F2.8.1,-2.1101,0.017729
Parent=Transcript_R03D7.6b.1,5.5239,1.88E-05
Parent=Transcript_R03E9.1.1,-1.4743,0.015932
Parent=Transcript_R03H10.6.1,3.1253,0.00018394
Parent=Transcript_R03H10.7.1,3.3843,2.64E-05
Parent=Transcript_R03H4.1.1,#NAME?,0.033948
Parent=Transcript_R04A9.6.1,-1.5842,0.047512
Parent=Transcript_R04B5.5.1,-1.7625,0.0027329
Parent=Transcript_R04E5.2.1,-2.0425,8.10E-05
Parent=Transcript_R05A10.2.1,-1.3482,0.02977
Parent=Transcript_R05A10.3.1,-1.7084,0.044294
Parent=Transcript_R05D11.1.1,1.6916,0.0010569
Parent=Transcript_R05D7.7.1,-1.4119,0.022984
Parent=Transcript_R05D8.10.1,-4.1673,0.0016205
Parent=Transcript_R05D8.7.1,2.6137,5.88E-06
Parent=Transcript_R05H10.7.1,-3.5143,0.04272
Parent=Transcript_R05H5.8,-2.6847,5.87E-07
Parent=Transcript_R06A10.2a.1,-2.3571,0.004399
Parent=Transcript_R06B10.3.1,-1.9072,0.00024845
Parent=Transcript_R06F6.11.1,-1.851,0.00039609
Parent=Transcript_R07B1.1.1,-2.3166,0.003795
Parent=Transcript_R07B1.3.1,-2.9183,4.24E-05
Parent=Transcript_R07B7.5.1,-1.5951,0.0032566
Parent=Transcript_R07C12.1.1,-3.4091,4.34E-08
Parent=Transcript_R07E3.6.1,-2.8618,3.31E-07
Parent=Transcript_R08E5.3.1,-2.5357,3.00E-06
Parent=Transcript_R09A1.3.1,5.3149,2.30E-24
Parent=Transcript_R09A1.5a.1,5.4374,4.13E-18
Parent=Transcript_R09B3.4.1,1.1873,0.047145
Parent=Transcript_R09B5.13.1,-3.0005,3.29E-07
Parent=Transcript_R09B5.2.1,-4.3676,0.0088228
Parent=Transcript_R09B5.6.1,-1.7433,0.0034834
Parent=Transcript_R09B5.8.1,-1.5686,0.024712
Parent=Transcript_R09D1.14.1,4.116,0.022033
Parent=Transcript_R09D1.2.1,-5.1548,3.81E-08
Parent=Transcript_R09D1.7.1,3.6891,3.66E-10
Parent=Transcript_R09E10.13.1,-2.6246,0.031439
Parent=Transcript_R09E12.3.1,1.2506,0.031305
Parent=Transcript_R09F10.1.1,-4.9888,1.06E-21
Parent=Transcript_R09F10.8.1,1.291,0.022383
Parent=Transcript_R09G11.1.1,-2.0816,0.0038018
Parent=Transcript_R102.2.1,-2.2377,8.00E-06
Parent=Transcript_R10D12.1.1,-1.9723,0.00071468
Parent=Transcript_R10E8.10,-4.1752,0.00090418
Parent=Transcript_R10H1.1.1,-4.2655,0.015039
Parent=Transcript_R10H10.3.1,-2.5999,9.16E-08
Parent=Transcript_R11A8.3.1,3.388,3.85E-11
Parent=Transcript_R11D1.3.1,-3.7035,3.42E-12
Parent=Transcript_R11E3.2.1,1.8648,0.0032964
Parent=Transcript_R11F4.3.1,-1.5311,0.032252
Parent=Transcript_R11G11.14.1,-6.4827,1.55E-29
Parent=Transcript_R11G11.7.1,-1.5827,0.034588
Parent=Transcript_R12A1.4.1,-4.4614,1.79E-17
Parent=Transcript_R12C12.10.1,-2.8122,0.0012231
Parent=Transcript_R12E2.14.1,-3.6894,4.31E-13
Parent=Transcript_R12H7.3.1,-2.2387,3.75E-05
Parent=Transcript_R13A1.5.1,-2.0903,0.013386
Parent=Transcript_R13A5.3.1,-1.9811,0.00011225
Parent=Transcript_R13A5.7.1,1.5391,0.0040992
Parent=Transcript_R13H4.8.1,-2.6782,0.00069374
Parent=Transcript_R148.6.1,-2.0114,4.69E-05
Parent=Transcript_R153.1a.1,-2.4631,0.036765
Parent=Transcript_R160.3.1,-2.0002,0.0020891
Parent=Transcript_R173.4.1,-1.478,0.011849
Parent=Transcript_R52.1.1,-1.8793,0.0077938
Parent=Transcript_R53.8.1,-5.4856,0.0016462
Parent=Transcript_R74.10.1,1.346,0.022663
Parent=Transcript_R90.2.1,-2.085,4.59E-05
Parent=Transcript_T01B7.8.1,-2.8033,0.0024795
Parent=Transcript_T01C3.4.1,-5.0358,4.35E-10
Parent=Transcript_T01D3.5.1,-5.2585,0.005452
Parent=Transcript_T01E8.8.1,1.3604,0.019973
Parent=Transcript_T01G5.1.1,-2.3437,0.0025234
Parent=Transcript_T01G5.2.1,-4.6379,3.83E-14
Parent=Transcript_T01G6.4.1,-1.5627,0.01996
Parent=Transcript_T02C12.5.1,-1.3996,0.025259
Parent=Transcript_T02E9.3.1,-1.7071,0.0134
Parent=Transcript_T02E9.5.2,-2.0749,0.00049071
Parent=Transcript_T03D3.1.1,-3.759,1.13E-08
Parent=Transcript_T03D8.3.1,-1.7367,0.00077158
Parent=Transcript_T03F6.3.1,1.4863,0.0069879
Parent=Transcript_T03G6.3.1,-1.5339,0.004285
Parent=Transcript_T04A6.1a.1,-1.6788,0.018116
Parent=Transcript_T04A6.2.1,-2.2759,0.015288
Parent=Transcript_T04A8.16.1,1.2208,0.040554
Parent=Transcript_T04A8.5.1,-1.9637,0.0011401
Parent=Transcript_T04F3.2.1,-2.5698,9.41E-06
Parent=Transcript_T04F8.4.1,-2.1704,0.009997
Parent=Transcript_T04G9.7.1,-1.3323,0.013823
Parent=Transcript_T05A7.2.1,5.2962,3.23E-07
Parent=Transcript_T05A7.3.1,4.4224,0.00028739
Parent=Transcript_T05A8.3.1,-2.1101,0.0016173
Parent=Transcript_T05B4.10.1,#NAME?,0.0011401
Parent=Transcript_T05B4.3.1,-3.005,0.0001148
Parent=Transcript_T05B4.9.1,#NAME?,0.0035074
Parent=Transcript_T05C1.3.1,-3.2434,0.00014514
Parent=Transcript_T05E11.8.1,-1.645,0.019964
Parent=Transcript_T05E12.3.1,-9.8918,1.63E-42
Parent=Transcript_T05E7.1.1,-3.0787,8.02E-06
Parent=Transcript_T05F1.9.1,3.3451,1.51E-10
Parent=Transcript_T05G5.12.1,-2.0274,7.39E-05
Parent=Transcript_T05H10.3.1,-3.81,1.63E-14
Parent=Transcript_T06A1.5.1,-3.2779,3.42E-11
Parent=Transcript_T06C10.4.1,-2.0356,3.69E-05
Parent=Transcript_T06D8.3.1,-1.7069,0.0058727
Parent=Transcript_T06E4.8.1,-3.208,0.019267
Parent=Transcript_T06E6.10.1,-2.3046,5.74E-06
Parent=Transcript_T07C12.7.1,-3.1476,1.27E-10
Parent=Transcript_T07F12.4.1,-1.6383,0.0087252
Parent=Transcript_T07G12.5a.1,-5.1349,5.79E-13
Parent=Transcript_T07H3.1.1,-4.2634,3.10E-15
Parent=Transcript_T07H8.5.1,8.4916,4.18E-42
Parent=Transcript_T08A9.12.1,-4.9329,6.87E-22
Parent=Transcript_T08A9.2.1,-1.9262,0.00021518
Parent=Transcript_T08A9.3.1,-2.1127,0.00024845
Parent=Transcript_T08A9.7.1,-4.5257,1.07E-19
Parent=Transcript_T08B1.3.1,-2.9259,1.28E-05
Parent=Transcript_T08B1.6.1,-2.4712,4.31E-07
Parent=Transcript_T08E11.1.1,4.4279,3.34E-18
Parent=Transcript_T08E11.8.1,2.4392,3.19E-06
Parent=Transcript_T08G5.12.1,1.6146,0.01223
Parent=Transcript_T08H10.1.1,-3.357,6.53E-12
Parent=Transcript_T09E11.7.1,#NAME?,0.0015887
Parent=Transcript_T09F5.9.1,-1.7595,0.00061067
Parent=Transcript_T09H2.1.1,-1.3986,0.012048
Parent=Transcript_T10B10.2.1,-1.4298,0.0096432
Parent=Transcript_T10B11.5.1,-1.2532,0.047981
Parent=Transcript_T10B5.8.1,-2.4335,0.020114
Parent=Transcript_T10B9.5.1,-1.7718,0.048733
Parent=Transcript_T10D4.13.1,Inf,2.27E-05
Parent=Transcript_T10D4.15.1,-4.5742,1.91E-05
Parent=Transcript_T10D4.3.1,2.4641,5.04E-07
Parent=Transcript_T10E10.1.1,-2.6424,0.0032274
Parent=Transcript_T10E10.4.1,-3.6247,0.011209
Parent=Transcript_T10E10.5.1,-3.0669,0.0042594
Parent=Transcript_T10E9.14.1,1.8579,0.018059
Parent=Transcript_T10G3.1.1,-1.8654,0.013017
Parent=Transcript_T10H10.1.1,-1.4033,0.01696
Parent=Transcript_T10H10.2.1,-1.888,0.0012317
Parent=Transcript_T10H4.4.1,3.8478,1.22E-05
Parent=Transcript_T10H9.8.1,-1.356,0.02687
Parent=Transcript_T11B7.1.1,1.5209,0.0091084
Parent=Transcript_T12A7.5.1,-1.4372,0.019082
Parent=Transcript_T12B3.3.1,-2.9076,2.51E-09
Parent=Transcript_T12B5.1.1,1.9412,0.00039193
Parent=Transcript_T12B5.10.1,-1.2473,0.03242
Parent=Transcript_T12B5.11.1,1.2927,0.028101
Parent=Transcript_T12B5.15.1,-2.6196,1.45E-07
Parent=Transcript_T12B5.2.1,1.4159,0.011212
Parent=Transcript_T12B5.4.1,2.8577,1.41E-08
Parent=Transcript_T12C9.1.1,-2.0095,0.0076368
Parent=Transcript_T14B4.6.1,-2.2001,0.0003086
Parent=Transcript_T14G12.3.1,-2.3726,1.34E-06
Parent=Transcript_T15D6.12.1,-4.4975,1.94E-08
Parent=Transcript_T15D6.8.1,#NAME?,0.0008971
Parent=Transcript_T16A1.7.1,6.3613,8.30E-11
Parent=Transcript_T16G1.18.1,-2.5612,0.015288
Parent=Transcript_T16G1.7.1,-1.3998,0.03356
Parent=Transcript_T16G12.1.1,-4.768,0.00022679
Parent=Transcript_T17A3.10.1,4.6358,6.27E-08
Parent=Transcript_T19B10.1.1,-1.9149,0.00033273
Parent=Transcript_T19B10.9.1,-1.8161,0.023285
Parent=Transcript_T19C3.2.1,-3.0642,8.39E-08
Parent=Transcript_T19C3.3.1,-1.582,0.04309
Parent=Transcript_T19C4.1.1,-2.8274,2.64E-07
Parent=Transcript_T19C4.7.1,-2.588,0.00019787
Parent=Transcript_T19C9.5.1,3.0264,0.016087
Parent=Transcript_T19D12.5.1,2.2873,0.00024922
Parent=Transcript_T19E7.1.1,-1.4897,0.026641
Parent=Transcript_T19E7.3a.1,1.6408,0.0022235
Parent=Transcript_T19H5.3.1,3.8305,1.01E-06
Parent=Transcript_T19H5.7.1,3.8026,0.00094409
Parent=Transcript_T20B3.1.1,-2.493,3.50E-07
Parent=Transcript_T20B3.15.1,-4.338,1.95E-05
Parent=Transcript_T20B5.2.1,-1.6154,0.018178
Parent=Transcript_T20B6.3.1,-2.8616,0.00011814
Parent=Transcript_T20D3.2.1,-3.2214,2.85E-11
Parent=Transcript_T20D4.11.1,-2.284,2.94E-06
Parent=Transcript_T20F7.3.1,-1.4956,0.046211
Parent=Transcript_T20G5.7.1,-3.0911,1.40E-05
Parent=Transcript_T20G5.8.1,-1.942,0.00042638
Parent=Transcript_T20H9.2.1,6.7914,3.98E-12
Parent=Transcript_T21B4.21,-2.7079,0.010777
Parent=Transcript_T21C12.2.1,-2.7407,1.26E-08
Parent=Transcript_T22B7.22.1,-3.1843,3.95E-05
Parent=Transcript_T22C8.5.1,-1.7652,0.011366
Parent=Transcript_T22D1.11.1,-3.0028,2.64E-07
Parent=Transcript_T22D1.9.1,1.2493,0.032996
Parent=Transcript_T22F3.8.1,-2.1397,0.0016173
Parent=Transcript_T23B3.6.1,-1.7821,0.0033331
Parent=Transcript_T23C6.3.1,1.5576,0.0039916
Parent=Transcript_T23E7.6.1,-2.4593,0.00036435
Parent=Transcript_T23F1.6.1,-2.0469,0.035555
Parent=Transcript_T23F4.3.1,-4.9096,1.42E-10
Parent=Transcript_T23G5.5.1,-1.6977,0.0337
Parent=Transcript_T23H2.2.1,-1.5329,0.0056579
Parent=Transcript_T24A6.20.1,-1.5769,0.010751
Parent=Transcript_T24A6.7.1,1.7439,0.043618
Parent=Transcript_T24C12.2.1,-1.347,0.040117
Parent=Transcript_T24C12.3.1,-1.6849,0.0013463
Parent=Transcript_T24C12.4.1,-2.6525,0.015909
Parent=Transcript_T24C2.2.1,2.3039,3.41E-05
Parent=Transcript_T24E12.5.1,5.4617,2.20E-13
Parent=Transcript_T24F1.7.1,-4.9413,3.69E-08
Parent=Transcript_T25B6.6.1,-4.0346,0.014292
Parent=Transcript_T25B9.12.1,-2.5937,0.00083687
Parent=Transcript_T25C12.11,-1.537,0.01728
Parent=Transcript_T25C12.12,-2.003,0.0049775
Parent=Transcript_T25C12.3.1,-3.6587,0.0039916
Parent=Transcript_T25D10.1.1,-1.6151,0.02371
Parent=Transcript_T25E12.12.1,#NAME?,1.14E-06
Parent=Transcript_T25E4.1.1,-2.7559,1.22E-06
Parent=Transcript_T25F10.5.1,-1.7265,0.029339
Parent=Transcript_T26C5.1.1,-1.7913,0.00057872
Parent=Transcript_T26C5.6,-4.1473,0.0035506
Parent=Transcript_T26G10.5.1,-2.2585,0.00054268
Parent=Transcript_T26H5.10.1,-2.2124,0.00019046
Parent=Transcript_T26H5.4a.1,-4.2852,1.44E-07
Parent=Transcript_T27A1.2c,-1.6524,0.031349
Parent=Transcript_T27A3.2.1,1.4694,0.0061933
Parent=Transcript_T27B7.3.1,1.4196,0.026388
Parent=Transcript_T27E4.4.1,-1.5724,0.0038748
Parent=Transcript_T27E4.7.1,-2.5153,4.90E-07
Parent=Transcript_T27E4.9.1,2.3084,0.015932
Parent=Transcript_T27E7.6.1,11.299,1.97E-52
Parent=Transcript_T27E7.71,Inf,0.0021508
Parent=Transcript_T27E7.9.1,Inf,0.010396
Parent=Transcript_T27F2.4.1,3.2052,4.74E-11
Parent=Transcript_T27F6.4.1,1.2695,0.030252
Parent=Transcript_T28A11.11.1,-2.5988,0.0009758
Parent=Transcript_T28A11.13.1,6.0869,0.00020076
Parent=Transcript_T28A11.16.1,-2.4826,1.23E-06
Parent=Transcript_T28A11.19.1,-3.6622,2.04E-13
Parent=Transcript_T28A11.3.1,-3.0179,6.14E-05
Parent=Transcript_T28A11.4.1,-3.1832,1.30E-05
Parent=Transcript_T28B4.3.1,-1.7249,0.033948
Parent=Transcript_T28C6.4.1,-2.6475,2.98E-06
Parent=Transcript_T28C6.6.1,-3.38,1.22E-07
Parent=Transcript_T28D6.2.1,1.7116,0.001119
Parent=Transcript_T28F2.6.1,-2.6042,0.022765
Parent=Transcript_T28F3.6.1,-2.0237,0.017995
Parent=Transcript_T28F3.9.1,-2.5948,0.0051604
Parent=Transcript_T28F4.1.1,3.1363,4.66E-08
Parent=Transcript_T28H10.3.1,-1.6245,0.0016729
Parent=Transcript_VC5.3a.1,-1.7399,0.0011994
Parent=Transcript_W01B11.6.1,-2.4816,0.0032791
Parent=Transcript_W01B6.1.1,1.5825,0.0043411
Parent=Transcript_W01D2.6.1,-4.9194,0.02687
Parent=Transcript_W01F3.2.1,-1.5809,0.0021099
Parent=Transcript_W02A2.3a.1,-2.6182,0.017454
Parent=Transcript_W02B8.3.1,-4.9764,0.0028439
Parent=Transcript_W02D3.5.1,-1.9884,9.50E-05
Parent=Transcript_W02D3.7.1,-2.0275,6.75E-05
Parent=Transcript_W02D7.11.1,-3.7487,5.32E-09
Parent=Transcript_W02D9.5.1,-1.7432,0.0052357
Parent=Transcript_W02D9.6.1,-3.1441,0.0030009
Parent=Transcript_W02D9.7.1,-3.6947,9.03E-08
Parent=Transcript_W03D8.3.1,1.7912,0.0010102
Parent=Transcript_W04B5.2.1,-2.0033,0.0002401
Parent=Transcript_W04E12.6.1,-4.4137,4.13E-15
Parent=Transcript_W04E12.8.1,-4.0107,7.84E-16
Parent=Transcript_W04G3.2.1,-3.157,0.0013305
Parent=Transcript_W04G3.8.1,-2.7213,0.00016394
Parent=Transcript_W04G5.16.1,4.3716,4.37E-05
Parent=Transcript_W04G5.7.1,Inf,0.002517
Parent=Transcript_W05E10.1.1,-2.3772,2.64E-05
Parent=Transcript_W05E10.3.1,-1.5462,0.0097037
Parent=Transcript_W05G11.8,-2.3249,0.00012976
Parent=Transcript_W05H9.5,-2.4,0.0012926
Parent=Transcript_W06B11.3.1,-2.3588,1.84E-06
Parent=Transcript_W06D12.3.1,2.6124,1.22E-07
Parent=Transcript_W06G6.10.1,-3.7269,0.0013232
Parent=Transcript_W06G6.17.1,-5.7441,0.00044272
Parent=Transcript_W06H8.2.1,3.1737,3.66E-10
Parent=Transcript_W07A12.6.1,-3.6038,0.035652
Parent=Transcript_W07B8.1a.1,-1.7216,0.041388
Parent=Transcript_W07B8.5.1,-3.4119,7.02E-12
Parent=Transcript_W07E11.2.1,-1.4629,0.010731
Parent=Transcript_W07G1.25,5.0136,7.31E-22
Parent=Transcript_W08A12.4.1,4.1787,2.19E-09
Parent=Transcript_W08E12.4.1,-2.9228,0.0071165
Parent=Transcript_W08F4.3.1,1.2443,0.03118
Parent=Transcript_W09G12.10.1,-1.7605,0.044024
Parent=Transcript_W10C8.6.1,-1.6559,0.0040992
Parent=Transcript_W10G11.1.1,-2.8772,1.39E-05
Parent=Transcript_W10G11.19.1,-1.9102,0.00028334
Parent=Transcript_W10G11.3.1,-1.8391,0.0036551
Parent=Transcript_W10G11.4.1,-3.2917,0.00015007
Parent=Transcript_W10G6.3.1,-1.7219,0.0012505
Parent=Transcript_Y102A11A.1.1,-3.0533,0.038258
Parent=Transcript_Y102A11A.5.1,-4.9488,6.48E-15
Parent=Transcript_Y102A11A.7.1,-2.4255,0.00035179
Parent=Transcript_Y102A5C.19.1,1.746,0.0010798
Parent=Transcript_Y105C5A.1098,Inf,0.010685
Parent=Transcript_Y105C5A.1269.1,13.988,4.64E-62
Parent=Transcript_Y105C5A.1270.1,10.726,8.70E-44
Parent=Transcript_Y105C5B.14.1,2.4211,0.033399
Parent=Transcript_Y105C5B.20.1,1.3544,0.029922
Parent=Transcript_Y105C5B.29.1,-2.387,0.012664
Parent=Transcript_Y105C5B.9.1,-1.8477,0.0012724
Parent=Transcript_Y106G6A.5a.1,3.4766,6.37E-07
Parent=Transcript_Y106G6H.1.1,-1.4923,0.010595
Parent=Transcript_Y110A2AL.3.1,-2.4185,0.010731
Parent=Transcript_Y110A2AL.7.1,-3.9985,0.0030858
Parent=Transcript_Y113G7A.15a.1,-3.6556,0.035843
Parent=Transcript_Y113G7B.11.1,1.7037,0.014994
Parent=Transcript_Y113G7B.2.1,5.2668,4.22E-15
Parent=Transcript_Y113G7B.3.1,3.5772,4.04E-13
Parent=Transcript_Y116A8C.37.1,2.2637,0.028433
Parent=Transcript_Y119D3A.1.1,11.317,5.24E-60
Parent=Transcript_Y119D3A.2.1,6.1164,1.76E-08
Parent=Transcript_Y119D3B.13.1,-3.3912,6.77E-09
Parent=Transcript_Y119D3B.17.1,-1.9123,0.0044325
Parent=Transcript_Y119D3B.18.1,-3.2267,5.68E-05
Parent=Transcript_Y119D3B.19.1,-4.8302,0.039858
Parent=Transcript_Y119D3B.8.1,2.8,0.0001112
Parent=Transcript_Y119D3B.9.1,-2.7095,4.77E-07
Parent=Transcript_Y11D7A.4.1,-1.9405,0.0041937
Parent=Transcript_Y11D7A.5.1,-3.4613,2.97E-06
Parent=Transcript_Y11D7A.9.1,-1.7833,0.0029715
Parent=Transcript_Y12A6A.1.1,-1.7229,0.0027679
Parent=Transcript_Y12A6A.2.1,-1.5858,0.011258
Parent=Transcript_Y16E11A.3,-1.9596,0.0017103
Parent=Transcript_Y17D7C.9,-2.6586,0.0020246
Parent=Transcript_Y17G7B.25,-2.986,0.012197
Parent=Transcript_Y18D10A.22.1,-2.3964,0.0043957
Parent=Transcript_Y19D10B.6.1,-1.248,0.044753
Parent=Transcript_Y19D10B.7.1,-4.4766,1.41E-13
Parent=Transcript_Y22D7AR.10.1,-1.6497,0.0017858
Parent=Transcript_Y22F5A.5.1,-2.7841,3.62E-08
Parent=Transcript_Y22F5A.6.1,4.0571,7.53E-09
Parent=Transcript_Y23B4A.2.1,-3.148,2.49E-05
Parent=Transcript_Y23H5B.8.1,-2.3107,8.91E-05
Parent=Transcript_Y32B12C.3.1,3.2522,0.0036183
Parent=Transcript_Y32B12C.4,#NAME?,0.00026464
Parent=Transcript_Y32F6A.4.1,-3.2467,1.86E-05
Parent=Transcript_Y32F6B.1.1,-3.1642,1.89E-08
Parent=Transcript_Y32H12A.3.1,1.6449,0.0014575
Parent=Transcript_Y34B4A.9.1,-1.5279,0.0027334
Parent=Transcript_Y34D9A.6.1,1.296,0.027272
Parent=Transcript_Y34F4.1b.1,-3.0392,1.59E-07
Parent=Transcript_Y36E3A.2.1,2.7816,1.30E-07
Parent=Transcript_Y37A1B.7.1,-4.0112,3.73E-13
Parent=Transcript_Y37D8A.19.1,-1.5084,0.0063665
Parent=Transcript_Y37D8A.22.1,2.0102,0.00019444
Parent=Transcript_Y37D8A.6.1,1.2803,0.030808
Parent=Transcript_Y37E11AR.2.1,-1.5497,0.005452
Parent=Transcript_Y37E11AR.6a.1,1.6523,0.021106
Parent=Transcript_Y37F4.15,-4.389,1.94E-07
Parent=Transcript_Y38A10A.1.1,3.8866,0.00056767
Parent=Transcript_Y38A8.2.1,1.3212,0.021399
Parent=Transcript_Y38C1AA.19_wp239,5.3819,0.0006201
Parent=Transcript_Y38E10A.25.1,-4.8947,0.0018146
Parent=Transcript_Y38F1A.8.1,-1.3296,0.043279
Parent=Transcript_Y38F1A.9.1,-3.2994,1.98E-10
Parent=Transcript_Y38F2AL.2.1,2.8962,8.90E-08
Parent=Transcript_Y38H6C.11.1,1.5214,0.0055847
Parent=Transcript_Y38H6C.22.1,5.1095,0.0048038
Parent=Transcript_Y38H6C.8.1,3.2983,1.19E-08
Parent=Transcript_Y39B6A.69.1,4.4877,1.37E-05
Parent=Transcript_Y39E4B.6b.1,-2.1906,7.53E-05
Parent=Transcript_Y39E4B.8.1,-1.3975,0.043653
Parent=Transcript_Y39G8B.9.1,-3.1286,1.10E-08
Parent=Transcript_Y39H10A.1.1,2.8689,1.13E-08
Parent=Transcript_Y39H10B.3.1,2.7572,3.58E-07
Parent=Transcript_Y40B10A.6.1,-5.9779,9.36E-06
Parent=Transcript_Y40B10A.9a.1,-1.4995,0.021773
Parent=Transcript_Y40B1B.3.1,-1.9427,0.02371
Parent=Transcript_Y40H7A.10.1,-4.5252,4.71E-18
Parent=Transcript_Y40H7A.11.1,1.8227,0.0016281
Parent=Transcript_Y41C4A.13.1,-1.2594,0.040635
Parent=Transcript_Y41C4A.16.1,-2.5525,6.91E-07
Parent=Transcript_Y41D4B.13a.1,1.2094,0.044846
Parent=Transcript_Y41D4B.16.1,1.5369,0.0078136
Parent=Transcript_Y41D4B.17.1,2.3978,0.0022655
Parent=Transcript_Y41D4B.9.1,-1.5958,0.0037706
Parent=Transcript_Y41G9A.1.1,-1.7388,0.015092
Parent=Transcript_Y41G9A.10.1,-2.2041,4.01E-05
Parent=Transcript_Y42A5A.1.1,-2.5589,1.40E-06
Parent=Transcript_Y42A5A.3.1,-2.5051,0.0074793
Parent=Transcript_Y42G9A.1.1,-3.9869,7.26E-12
Parent=Transcript_Y42G9A.2.1,-2.9034,2.00E-05
Parent=Transcript_Y42H9AR.5.1,-2.348,0.00051411
Parent=Transcript_Y42H9B.1.1,-2.3684,0.011308
Parent=Transcript_Y43C5A.2.1,-1.9574,0.00010374
Parent=Transcript_Y43C5A.3.1,-3.3033,5.35E-12
Parent=Transcript_Y43E12A.2.1,-1.9163,0.00060833
Parent=Transcript_Y43F8B.15.1,5.6844,3.85E-27
Parent=Transcript_Y43F8B.2c.1,-3.8122,0.018002
Parent=Transcript_Y43F8B.5.1,-4.9093,0.00071682
Parent=Transcript_Y43F8C.11.1,-1.6218,0.031172
Parent=Transcript_Y43F8C.13.1,-3.7012,1.26E-12
Parent=Transcript_Y44A6D.2.1,-1.9134,0.040817
Parent=Transcript_Y45F10A.5.1,-1.2291,0.047442
Parent=Transcript_Y45F10C.4.1,-2.1896,9.18E-06
Parent=Transcript_Y45G12C.1.1,-2.2835,0.019769
Parent=Transcript_Y46E12A.1.1,-6.5592,0.00054131
Parent=Transcript_Y46E12BL.1.1,-3.6804,0.00067142
Parent=Transcript_Y46G5A.12.1,1.3764,0.013346
Parent=Transcript_Y46G5A.20.1,3.9048,1.32E-14
Parent=Transcript_Y46G5A.27.1,-2.5917,0.0018838
Parent=Transcript_Y46H3A.2.1,3.1284,2.58E-08
Parent=Transcript_Y46H3C.7.1,1.4186,0.018613
Parent=Transcript_Y47D3B.6.1,-2.3683,0.026891
Parent=Transcript_Y47D7A.12.1,-3.1497,0.0014204
Parent=Transcript_Y47D7A.5.1,-3.4979,7.95E-06
Parent=Transcript_Y47G6A.33.1,-1.8593,0.0004191
Parent=Transcript_Y47G7B.2.1,2.8121,0.0049951
Parent=Transcript_Y47H10A.5.1,4.0311,1.74E-16
Parent=Transcript_Y48A6B.7.1,-5.078,2.13E-22
Parent=Transcript_Y48A6B.8.1,-2.9808,2.65E-07
Parent=Transcript_Y48A6B.9a.1,-1.848,0.0015692
Parent=Transcript_Y48C3A.25,3.3063,0.020545
Parent=Transcript_Y48E1B.9a.1,-4.0463,0.031982
Parent=Transcript_Y49E10.1.1,1.3125,0.018647
Parent=Transcript_Y49E10.16a.1,-2.6349,3.40E-07
Parent=Transcript_Y49E10.18.1,-2.8405,0.0014389
Parent=Transcript_Y49F6A.5.1,2.8758,0.020378
Parent=Transcript_Y49F6C.4.1,-2.1885,0.0030849
Parent=Transcript_Y4C6B.2a.1,-2.2165,0.00031605
Parent=Transcript_Y4C6B.6.1,-3.4149,2.99E-11
Parent=Transcript_Y50D4B.6.1,3.837,0.034748
Parent=Transcript_Y50D7A.7.1,-2.7219,2.24E-08
Parent=Transcript_Y50E8A.3.1,-1.4744,0.019581
Parent=Transcript_Y50E8A.7.1,5.0839,0.0042849
Parent=Transcript_Y51A2D.13a.1,-6.0352,3.73E-05
Parent=Transcript_Y51A2D.4.1,-3.0206,0.0015019
Parent=Transcript_Y51A2D.5.1,-1.6882,0.015134
Parent=Transcript_Y51B9A.8.1,5.349,4.02E-11
Parent=Transcript_Y51F10.15.1,8.6114,5.10E-33
Parent=Transcript_Y51F10.7.1,-4.6586,1.43E-07
Parent=Transcript_Y51H4A.4a.1,-2.9453,0.029358
Parent=Transcript_Y53C12A.2.1,-2.97,2.12E-09
Parent=Transcript_Y53C12B.6.1,-2.2064,0.00085583
Parent=Transcript_Y53C12C.1.1,-4.0724,0.01345
Parent=Transcript_Y53F4B.30.1,-2.4576,1.22E-06
Parent=Transcript_Y53F4B.31.1,-2.6229,1.53E-06
Parent=Transcript_Y53F4B.32.1,-2.769,0.00015377
Parent=Transcript_Y53F4B.35.1,3.6104,5.15E-10
Parent=Transcript_Y53F4B.45,-3.8739,1.48E-15
Parent=Transcript_Y53G8B.1.1,-1.4863,0.019581
Parent=Transcript_Y54E10BR.7.1,-1.4954,0.020113
Parent=Transcript_Y54F10AM.11.1,1.2594,0.037382
Parent=Transcript_Y54F10AM.8.1,-3.6561,1.20E-13
Parent=Transcript_Y54G2A.11a.1,-1.5325,0.0048716
Parent=Transcript_Y54G2A.14.1,-2.52,0.034025
Parent=Transcript_Y54G2A.28a.1,-4.6741,0.0025822
Parent=Transcript_Y54G2A.41.1,-1.9816,0.00054131
Parent=Transcript_Y54G2A.76.1,-4.5604,6.47E-05
Parent=Transcript_Y54G9A.4.1,1.958,0.048661
Parent=Transcript_Y55B1BL.1a.1,-1.7235,0.0034711
Parent=Transcript_Y55B1BR.2.1,1.5341,0.0039753
Parent=Transcript_Y55F3AM.10.1,2.3755,1.27E-06
Parent=Transcript_Y56A3A.33.1,1.3558,0.018128
Parent=Transcript_Y57G11B.1.1,5.0792,4.15E-15
Parent=Transcript_Y57G11B.5.1,-2.4515,4.05E-07
Parent=Transcript_Y57G11C.14.1,1.577,0.0076391
Parent=Transcript_Y57G11C.39.1,-3.7887,0.0001744
Parent=Transcript_Y57G11C.40.1,-3.2539,7.09E-10
Parent=Transcript_Y5H2B.5.1,-4.6571,6.80E-14
Parent=Transcript_Y60A3A.18.1,2.0986,3.71E-05
Parent=Transcript_Y60A3A.24.1,2.0449,0.00010219
Parent=Transcript_Y60A3A.25.1,1.5219,0.0091084
Parent=Transcript_Y60C6A.2.1,2.8974,8.14E-08
Parent=Transcript_Y62H9A.3.1,-1.3837,0.017703
Parent=Transcript_Y62H9A.5.1,-2.6061,5.23E-08
Parent=Transcript_Y62H9A.6.1,-2.1825,6.72E-06
Parent=Transcript_Y64H9A.2.1,-4.3116,2.19E-10
Parent=Transcript_Y65B4BR.1.1,-1.8623,0.015891
Parent=Transcript_Y66H1A.5.1,-1.6702,0.0017261
Parent=Transcript_Y67A10A.4.1,1.3547,0.047289
Parent=Transcript_Y67A10A.5.1,10.739,7.32E-05
Parent=Transcript_Y67D8C.8.1,-2.7189,0.049484
Parent=Transcript_Y69A2AL.1.1,-3.0451,0.00012439
Parent=Transcript_Y69A2AL.2.1,-1.4414,0.010277
Parent=Transcript_Y69A2AR.22.1,-2.6389,3.82E-06
Parent=Transcript_Y69A2AR.29.1,-2.912,0.0036975
Parent=Transcript_Y69A2AR.5.1,-2.7365,8.00E-06
Parent=Transcript_Y6E2A.5.1,1.6633,0.037178
Parent=Transcript_Y6G8.15.1,-3.1665,0.016096
Parent=Transcript_Y71F9AL.7.1,-1.7864,0.016247
Parent=Transcript_Y71G12B.4.1,-1.7777,0.0088102
Parent=Transcript_Y71G12B.42,-4.8527,0.001269
Parent=Transcript_Y71H2AR.2.1,6.7167,8.85E-13
Parent=Transcript_Y71H2B.1.1,-1.469,0.0095733
Parent=Transcript_Y71H2B.4.1,-1.8049,0.00040641
Parent=Transcript_Y71H9A.2.1,-1.7355,0.018957
Parent=Transcript_Y73B6BL.13.1,1.7457,0.0025083
Parent=Transcript_Y73B6BL.288.1,1.2899,0.048661
Parent=Transcript_Y73B6BL.29a.1,2.1754,0.0011757
Parent=Transcript_Y73C8B.4.1,3.8997,2.59E-11
Parent=Transcript_Y73C8C.3.1,-2.5543,0.013346
Parent=Transcript_Y73E7A.4.1,-1.7362,0.015586
Parent=Transcript_Y73F4A.1.1,-3.3527,1.47E-10
Parent=Transcript_Y73F4A.3.1,-2.6685,2.53E-06
Parent=Transcript_Y75B12B.3.1,-2.158,9.17E-05
Parent=Transcript_Y75B12B.4.1,1.223,0.033729
Parent=Transcript_Y75B7AL.3.1,-2.0666,0.02144
Parent=Transcript_Y75B7AR.1.1,-1.7963,0.02475
Parent=Transcript_Y75B8A.1.2,-3.1558,0.0096326
Parent=Transcript_Y75B8A.20.1,-1.7937,0.001473
Parent=Transcript_Y75B8A.32.1,3.6691,1.47E-13
Parent=Transcript_Y75B8A.37.1,Inf,2.58E-08
Parent=Transcript_Y75D11A.7,-2.948,0.039523
Parent=Transcript_Y76A2B.3.1,-2.1711,1.58E-05
Parent=Transcript_Y7A5A.2.1,-2.9634,7.20E-06
Parent=Transcript_Y7A5A.6.1,-6.6637,3.52E-20
Parent=Transcript_Y7A9D.1.1,-1.4675,0.027749
Parent=Transcript_Y82E9BL.10.1,-1.6631,0.0052055
Parent=Transcript_Y82E9BL.15.1,1.3123,0.041212
Parent=Transcript_Y82E9BL.18.1,7.1457,5.98E-10
Parent=Transcript_Y82E9BR.11.1,5.1594,0.00018027
Parent=Transcript_Y82E9BR.12.1,1.5123,0.038459
Parent=Transcript_Y92H12BR.3a.1,1.2936,0.035642
Parent=Transcript_Y94H6A.10.1,3.1686,1.26E-10
Parent=Transcript_Y97E10C.1.2,-1.6581,0.012831
Parent=Transcript_Y9D1A.2.1,2.4646,0.015394
Parent=Transcript_ZC101.3.1,-3.5647,1.61E-08
Parent=Transcript_ZC123.1.1,-2.2459,0.00023192
Parent=Transcript_ZC13.3.1,-1.6278,0.030197
Parent=Transcript_ZC168.2.1,-2.2643,0.008336
Parent=Transcript_ZC190.4.1,-1.4754,0.0089742
Parent=Transcript_ZC204.12.1,-4.6101,7.64E-20
Parent=Transcript_ZC204.2.1,-1.3507,0.019976
Parent=Transcript_ZC239.14.1,2.5402,4.20E-05
Parent=Transcript_ZC239.16.1,-1.7462,0.00098075
Parent=Transcript_ZC239.2.1,6.7849,8.08E-20
Parent=Transcript_ZC239.22.1,2.4393,6.08E-07
Parent=Transcript_ZC239.6.1,2.3736,0.003204
Parent=Transcript_ZC250.4.1,-1.4264,0.017109
Parent=Transcript_ZC328.1.1,-1.6064,0.018574
Parent=Transcript_ZC334.9.1,-1.6156,0.006894
Parent=Transcript_ZC395.5.1,-4.8529,1.21E-15
Parent=Transcript_ZC443.3.1,-1.4042,0.0097037
Parent=Transcript_ZC443.6.1,2.5991,0.041879
Parent=Transcript_ZC449.1.1,-3.9651,2.61E-08
Parent=Transcript_ZC449.3b.1,4.391,0.0028957
Parent=Transcript_ZC455.10.1,-1.7377,0.0072749
Parent=Transcript_ZC455.4.1,-3.8913,0.0049448
Parent=Transcript_ZC47.4.1,3.3257,3.24E-10
Parent=Transcript_ZC482.7.1,Inf,0.00047197
Parent=Transcript_ZC8.1.1,-5.7805,0.00024522
Parent=Transcript_ZK1055.7.1,2.6431,5.35E-08
Parent=Transcript_ZK1067.7.1,-3.5343,5.66E-10
Parent=Transcript_ZK1073.1.2,-2.5204,4.18E-05
Parent=Transcript_ZK1240.4.1,9.053,3.94E-23
Parent=Transcript_ZK1290.12.1,-3.5489,3.97E-12
Parent=Transcript_ZK1290.8.1,-2.4218,5.25E-06
Parent=Transcript_ZK131.2.1,-2.2044,0.0004226
Parent=Transcript_ZK131.5.1,-2.4513,5.85E-06
Parent=Transcript_ZK1320.13.1,-2.4136,1.14E-05
Parent=Transcript_ZK1320.2.1,-3.7537,3.76E-14
Parent=Transcript_ZK154.1.1,-3.4944,1.21E-07
Parent=Transcript_ZK154.3.1,-2.2904,8.10E-05
Parent=Transcript_ZK154.7.1,1.9134,0.00015019
Parent=Transcript_ZK177.9.1,4.6418,5.40E-13
Parent=Transcript_ZK180.7.1,-3.7232,0.00020076
Parent=Transcript_ZK270.1.1,-1.4396,0.010011
Parent=Transcript_ZK287.3.1,-1.3625,0.022585
Parent=Transcript_ZK337.5.1,-1.4454,0.017991
Parent=Transcript_ZK355.3.1,5.6895,0.004851
Parent=Transcript_ZK355.8.1,4.3805,0.0087256
Parent=Transcript_ZK418.7.1,1.8471,0.0012256
Parent=Transcript_ZK430.8.1,-1.262,0.035045
Parent=Transcript_ZK470.6.1,-2.7268,0.046467
Parent=Transcript_ZK488.2.1,-2.4499,1.13E-06
Parent=Transcript_ZK507.1.1,2.9273,1.15E-08
Parent=Transcript_ZK512.11.1,1.365,0.020403
Parent=Transcript_ZK512.7.1,-2.6692,7.50E-08
Parent=Transcript_ZK512.9.1,-4.9057,0.00049071
Parent=Transcript_ZK546.11.1,5.1372,2.32E-22
Parent=Transcript_ZK550.2.1,-2.1658,0.012048
Parent=Transcript_ZK563.2.1,-2.3872,0.003561
Parent=Transcript_ZK593.3.1,-2.6769,0.036012
Parent=Transcript_ZK617.2.1,-6.0575,9.49E-12
Parent=Transcript_ZK622.3d.5,-5.0135,0.0020444
Parent=Transcript_ZK637.12.1,5.1465,0.0087249
Parent=Transcript_ZK637.14.1,1.972,0.00011449
Parent=Transcript_ZK662.2.1,-2.6036,0.014795
Parent=Transcript_ZK666.5.1,Inf,0.0063343
Parent=Transcript_ZK666.6.1,1.8566,0.0009492
Parent=Transcript_ZK666.7.1,-3.3841,0.0021825
Parent=Transcript_ZK669.2.1,-1.7483,0.0045844
Parent=Transcript_ZK669.3.1,-1.506,0.0071538
Parent=Transcript_ZK675.4.1,-3.6763,1.32E-10
Parent=Transcript_ZK678.5.1,-4.0184,4.44E-08
Parent=Transcript_ZK697.14.1,Inf,0.043234
Parent=Transcript_ZK721.2.1,-1.7823,0.00086628
Parent=Transcript_ZK742.4.1,1.6003,0.0042431
Parent=Transcript_ZK813.2.1,-1.404,0.01368
Parent=Transcript_ZK813.6.1,-2.9386,0.00062232
Parent=Transcript_ZK813.7.1,-2.5246,3.80E-07
Parent=Transcript_ZK84.6.1,-2.7257,0.0006004
Parent=Transcript_ZK863.5.1,-2.4956,0.044556
Parent=Transcript_ZK863.8.1,-1.2895,0.030424
Parent=Transcript_ZK896.4.1,2.4298,2.06E-06
Parent=Transcript_ZK899.2.1,-1.9925,0.00010178
Parent=Transcript_ZK899.5.1,-3.7194,0.028429
Parent=Transcript_ZK909.4.1,-2.4599,7.59E-06
Parent=Transcript_ZK938.10.1,7.0185,1.16E-09
Parent=Transcript_ZK938.2.1,-1.7958,0.012325
Parent=Transcript_ZK938.5.1,Inf,1.14E-40
Parent=Transcript_ZK938.6.1,Inf,2.87E-10
Parent=Transcript_ZK945.1.1,-3.016,1.30E-09
Parent=Transcript_ZK970.7.1,-2.3097,0.0022235
Parent=Transcript_ZK971.1.1,-3.0156,1.60E-09